"date","cpi_index","inflation_yoy_pct","unemployment_pct","period"
2015-01-01,234.747,-0.229930978205428,5.7,"2015-2019"
2015-02-01,235.342,-0.0870314629352054,5.5,"2015-2019"
2015-03-01,235.976,-0.0220312844238735,5.4,"2015-2019"
2015-04-01,236.222,-0.104030989393911,5.4,"2015-2019"
2015-05-01,237.001,0.0350332182442958,5.6,"2015-2019"
2015-06-01,237.657,0.179571809755052,5.3,"2015-2019"
2015-07-01,238.034,0.225686111040946,5.2,"2015-2019"
2015-08-01,238.033,0.241303798534487,5.1,"2015-2019"
2015-09-01,237.498,0.00884296163417009,5,"2015-2019"
2015-10-01,237.733,0.127616560670507,5,"2015-2019"
2015-11-01,238.017,0.436318216918519,5.1,"2015-2019"
2015-12-01,237.761,0.638724751536479,5,"2015-2019"
2016-01-01,237.652,1.23750250269439,4.8,"2015-2019"
2016-02-01,237.336,0.847277579012662,4.9,"2015-2019"
2016-03-01,238.08,0.891616096552195,5,"2015-2019"
2016-04-01,238.992,1.17262575035348,5.1,"2015-2019"
2016-05-01,239.557,1.07847646212462,4.8,"2015-2019"
2016-06-01,240.222,1.07928653479594,4.9,"2015-2019"
2016-07-01,240.101,0.868363343051826,4.8,"2015-2019"
2016-08-01,240.545,1.05531585956569,4.9,"2015-2019"
2016-09-01,241.176,1.54864462016522,5,"2015-2019"
2016-10-01,241.741,1.68592496624365,4.9,"2015-2019"
2016-11-01,242.026,1.68433347197889,4.7,"2015-2019"
2016-12-01,242.637,2.05079891151199,4.7,"2015-2019"
2017-01-01,243.618,2.51039334825711,4.7,"2015-2019"
2017-02-01,244.006,2.81036168132942,4.6,"2015-2019"
2017-03-01,243.892,2.44119623655914,4.4,"2015-2019"
2017-04-01,244.193,2.1762234719154,4.4,"2015-2019"
2017-05-01,244.004,1.85634316676198,4.4,"2015-2019"
2017-06-01,244.163,1.64056580995913,4.3,"2015-2019"
2017-07-01,244.243,1.72510735065661,4.3,"2015-2019"
2017-08-01,245.183,1.92812155729698,4.4,"2015-2019"
2017-09-01,246.435,2.18056523037118,4.3,"2015-2019"
2017-10-01,246.626,2.02075775313248,4.2,"2015-2019"
2017-11-01,247.284,2.17249386429557,4.2,"2015-2019"
2017-12-01,247.805,2.12993071955225,4.1,"2015-2019"
2018-01-01,248.859,2.15131886806395,4,"2015-2019"
2018-02-01,249.529,2.26346893109186,4.1,"2015-2019"
2018-03-01,249.577,2.33094976464994,4,"2015-2019"
2018-04-01,250.227,2.4709963021053,4,"2015-2019"
2018-05-01,250.792,2.7819216078425,3.8,"2015-2019"
2018-06-01,251.018,2.80755069359402,4,"2015-2019"
2018-07-01,251.214,2.85412478556193,3.8,"2015-2019"
2018-08-01,251.663,2.64292385687426,3.8,"2015-2019"
2018-09-01,252.182,2.33205510580883,3.7,"2015-2019"
2018-10-01,252.772,2.49203247021805,3.8,"2015-2019"
2018-11-01,252.594,2.14732857766777,3.8,"2015-2019"
2018-12-01,252.767,2.00238090434011,3.9,"2015-2019"
2019-01-01,252.561,1.48758935782913,4,"2015-2019"
2019-02-01,253.319,1.51886153513219,3.8,"2015-2019"
2019-03-01,254.277,1.8831863513064,3.8,"2015-2019"
2019-04-01,255.233,2.00058347020906,3.7,"2015-2019"
2019-05-01,255.296,1.79591055536061,3.6,"2015-2019"
2019-06-01,255.213,1.67119489439005,3.6,"2015-2019"
2019-07-01,255.802,1.82633133503707,3.7,"2015-2019"
2019-08-01,256.036,1.73764121066664,3.6,"2015-2019"
2019-09-01,256.43,1.68449770403916,3.5,"2015-2019"
2019-10-01,257.155,1.73397369961863,3.6,"2015-2019"
2019-11-01,257.879,2.09229039486292,3.6,"2015-2019"
2019-12-01,258.63,2.31952746996245,3.6,"2015-2019"
2020-01-01,259.127,2.5997679768452,3.6,"2020-2021"
2020-02-01,259.25,2.34131667975952,3.5,"2020-2021"
2020-03-01,258.076,1.49403996429092,4.4,"2020-2021"
2020-04-01,256.032,0.313047294041113,14.8,"2020-2021"
2020-05-01,255.802,0.198201303584855,13.2,"2020-2021"
2020-06-01,257.042,0.716656283183048,11,"2020-2021"
2020-07-01,258.352,0.9968647625898,10.2,"2020-2021"
2020-08-01,259.316,1.28106984955239,8.4,"2020-2021"
2020-09-01,259.997,1.39102289123738,7.8,"2020-2021"
2020-10-01,260.319,1.23038634286716,6.9,"2020-2021"
2020-11-01,260.911,1.17574521384058,6.7,"2020-2021"
2020-12-01,262.045,1.32041913157794,6.7,"2020-2021"
2021-01-01,262.687,1.37384371370024,6.4,"2020-2021"
2021-02-01,263.579,1.66981677917069,6.2,"2020-2021"
2021-03-01,264.961,2.66781878206419,6.1,"2020-2021"
2021-04-01,266.614,4.13307711536057,6.1,"2020-2021"
2021-05-01,268.383,4.91825708946763,5.8,"2020-2021"
2021-06-01,270.654,5.29563262035,5.9,"2020-2021"
2021-07-01,271.903,5.24516938130923,5.4,"2020-2021"
2021-08-01,272.676,5.15201530179397,5.1,"2020-2021"
2021-09-01,273.91,5.35121559094913,4.7,"2020-2021"
2021-10-01,276.55,6.23504239029806,4.5,"2020-2021"
2021-11-01,278.919,6.90197040370086,4.1,"2020-2021"
2021-12-01,280.845,7.17434028506554,3.9,"2020-2021"
2022-01-01,282.543,7.55880572696783,4,"2022-2026"
2022-02-01,284.5,7.93727876651782,3.9,"2022-2026"
2022-03-01,287.674,8.57220496601385,3.7,"2022-2026"
2022-04-01,288.561,8.23175077077723,3.7,"2022-2026"
2022-05-01,291.298,8.53817119564206,3.6,"2022-2026"
2022-06-01,294.957,8.9793611031058,3.6,"2022-2026"
2022-07-01,294.913,8.4625767277301,3.5,"2022-2026"
2022-08-01,295.097,8.22257917821883,3.6,"2022-2026"
2022-09-01,296.349,8.19210689642582,3.5,"2022-2026"
2022-10-01,298.007,7.758813957693,3.6,"2022-2026"
2022-11-01,298.786,7.12285645653399,3.6,"2022-2026"
2022-12-01,298.832,6.40460040235715,3.5,"2022-2026"
2023-01-01,300.42,6.3271785179601,3.5,"2022-2026"
2023-02-01,301.45,5.95782073813709,3.6,"2022-2026"
2023-03-01,301.821,4.91771936288996,3.5,"2022-2026"
2023-04-01,302.845,4.95007987912437,3.4,"2022-2026"
2023-05-01,303.334,4.13185123138504,3.6,"2022-2026"
2023-06-01,304.014,3.07061707299709,3.6,"2022-2026"
2023-07-01,304.609,3.2877492684283,3.5,"2022-2026"
2023-08-01,306.082,3.72250480350529,3.7,"2022-2026"
2023-09-01,307.276,3.68720663811926,3.7,"2022-2026"
2023-10-01,307.696,3.25126590986118,3.9,"2022-2026"
2023-11-01,308.148,3.13334627459119,3.7,"2022-2026"
2023-12-01,308.741,3.31590994271029,3.8,"2022-2026"
2024-01-01,309.698,3.08834298648557,3.7,"2022-2026"
2024-02-01,310.967,3.1570741416487,3.9,"2022-2026"
2024-03-01,312.345,3.48683491208366,3.9,"2022-2026"
2024-04-01,313.023,3.36079512621967,3.9,"2022-2026"
2024-05-01,313.175,3.24427858400311,3.9,"2022-2026"
2024-06-01,313.044,2.97025794864709,4.1,"2022-2026"
2024-07-01,313.569,2.9414757935583,4.2,"2022-2026"
2024-08-01,314.062,2.60714449069204,4.2,"2022-2026"
2024-09-01,314.732,2.42648303154167,4.1,"2022-2026"
2024-10-01,315.631,2.57884405387134,4.1,"2022-2026"
2024-11-01,316.528,2.71947246128483,4.2,"2022-2026"
2024-12-01,317.604,2.87069096750998,4.1,"2022-2026"
2025-01-01,318.961,2.99097830789996,4,"2022-2026"
2025-02-01,319.679,2.80158344776134,4.2,"2022-2026"
2025-03-01,319.785,2.38198146280555,4.2,"2022-2026"
2025-04-01,320.302,2.32538823025783,4.2,"2022-2026"
2025-05-01,320.62,2.37726510736809,4.3,"2022-2026"
2025-06-01,321.435,2.68045386591023,4.1,"2022-2026"
2025-07-01,322.169,2.74261805216713,4.3,"2022-2026"
2025-08-01,323.291,2.93859174303162,4.3,"2022-2026"
2025-09-01,324.245,3.02257158471333,4.4,"2022-2026"
2025-10-01,,,,"2022-2026"
2025-11-01,325.063,2.69644391649395,4.5,"2022-2026"
2025-12-01,326.031,2.65330411455775,4.4,"2022-2026"
2026-01-01,326.588,2.39120143215001,4.3,"2022-2026"
2026-02-01,327.46,2.43400411037322,4.4,"2022-2026"
2026-03-01,330.293,3.2859577528652,4.3,"2022-2026"
2026-04-01,332.407,3.77924583674156,4.3,"2022-2026"
2026-05-01,333.979,4.16661468404964,4.3,"2022-2026"
2026-06-01,332.568,3.46353072938541,4.2,"2022-2026"
2026-07-01,332.813,3.30385605070631,4.1,"2022-2026"
2026-08-01,334.131,3.35301632275564,4.1,"2022-2026"
