"geoid","name","income","income_moe","poverty_universe","below_poverty","universe_moe","below_poverty_moe","poverty_pct"
"14000US42101000101","Census Tract 1.01, Philadelphia, PA",111148,14533,1963,96,287,87,4.89047376464595
"14000US42101000102","Census Tract 1.02, Philadelphia, PA",101033,22738,3156,128,449,82,4.05576679340938
"14000US42101000200","Census Tract 2, Philadelphia, PA",102670,50798,3006,714,503,275,23.75249500998
"14000US42101000300","Census Tract 3, Philadelphia, PA",102104,9936,4446,199,536,93,4.47593342330184
"14000US42101000401","Census Tract 4.01, Philadelphia, PA",92182,15037,2919,481,518,299,16.4782459746489
"14000US42101000403","Census Tract 4.03, Philadelphia, PA",167188,60490,1010,104,291,65,10.2970297029703
"14000US42101000404","Census Tract 4.04, Philadelphia, PA",96024,3797,2578,136,376,90,5.27540729247479
"14000US42101000500","Census Tract 5, Philadelphia, PA",69677,15276,2324,361,245,127,15.5335628227194
"14000US42101000600","Census Tract 6, Philadelphia, PA",126033,63060,1846,173,302,103,9.37161430119177
"14000US42101000701","Census Tract 7.01, Philadelphia, PA",85550,28957,2223,221,326,217,9.94152046783626
"14000US42101000702","Census Tract 7.02, Philadelphia, PA",59835,20545,2055,230,515,118,11.1922141119221
"14000US42101000801","Census Tract 8.01, Philadelphia, PA",116250,60968,1604,96,366,61,5.98503740648379
"14000US42101000803","Census Tract 8.03, Philadelphia, PA",104268,23663,3946,458,570,266,11.6066903193107
"14000US42101000805","Census Tract 8.05, Philadelphia, PA",74200,26283,2217,141,310,82,6.35994587280108
"14000US42101000806","Census Tract 8.06, Philadelphia, PA",151023,65907,2303,305,373,151,13.2435953104646
"14000US42101000901","Census Tract 9.01, Philadelphia, PA",51662,9942,2000,535,273,213,26.75
"14000US42101000902","Census Tract 9.02, Philadelphia, PA",73529,40279,1975,408,382,120,20.6582278481013
"14000US42101001001","Census Tract 10.01, Philadelphia, PA",107458,32455,2726,220,428,131,8.07043286867205
"14000US42101001002","Census Tract 10.02, Philadelphia, PA",117270,46845,3697,359,528,247,9.7105761428185
"14000US42101001101","Census Tract 11.01, Philadelphia, PA",67628,17963,3780,454,678,166,12.010582010582
"14000US42101001102","Census Tract 11.02, Philadelphia, PA",136161,33849,2788,97,404,60,3.47919655667145
"14000US42101001201","Census Tract 12.01, Philadelphia, PA",124877,39736,4061,329,679,221,8.10145284412706
"14000US42101001203","Census Tract 12.03, Philadelphia, PA",114375,17848,1718,92,313,91,5.35506402793946
"14000US42101001204","Census Tract 12.04, Philadelphia, PA",95172,28145,3202,354,453,177,11.0555902560899
"14000US42101001301","Census Tract 13.01, Philadelphia, PA",136172,48174,1997,282,656,168,14.121181772659
"14000US42101001302","Census Tract 13.02, Philadelphia, PA",104812,14778,4524,151,1147,98,3.33775419982317
"14000US42101001400","Census Tract 14, Philadelphia, PA",118939,38533,4350,573,796,298,13.1724137931034
"14000US42101001500","Census Tract 15, Philadelphia, PA",120764,27024,3118,308,678,142,9.87812700449006
"14000US42101001600","Census Tract 16, Philadelphia, PA",149375,58209,2400,172,391,109,7.16666666666667
"14000US42101001700","Census Tract 17, Philadelphia, PA",148942,33534,3060,72,628,53,2.35294117647059
"14000US42101001800","Census Tract 18, Philadelphia, PA",121969,37469,3314,130,406,76,3.92275196137598
"14000US42101001900","Census Tract 19, Philadelphia, PA",145932,18340,3612,338,563,160,9.35769656699889
"14000US42101002000","Census Tract 20, Philadelphia, PA",103021,69574,2397,648,346,328,27.0337922403004
"14000US42101002100","Census Tract 21, Philadelphia, PA",132763,14695,2575,221,319,95,8.58252427184466
"14000US42101002200","Census Tract 22, Philadelphia, PA",80104,16070,2191,352,406,126,16.0657234139662
"14000US42101002300","Census Tract 23, Philadelphia, PA",112396,45531,2958,160,423,73,5.40906017579446
"14000US42101002400","Census Tract 24, Philadelphia, PA",74663,17772,4710,933,641,369,19.8089171974522
"14000US42101002500","Census Tract 25, Philadelphia, PA",90106,10570,4316,875,508,399,20.2734012974977
"14000US42101002701","Census Tract 27.01, Philadelphia, PA",97642,19433,3892,1022,453,328,26.2589928057554
"14000US42101002702","Census Tract 27.02, Philadelphia, PA",106196,27276,4652,227,602,156,4.87962166809974
"14000US42101002801","Census Tract 28.01, Philadelphia, PA",65208,22395,3965,1169,652,261,29.4829760403531
"14000US42101002802","Census Tract 28.02, Philadelphia, PA",114500,51043,5762,1214,860,688,21.0690732384589
"14000US42101002900","Census Tract 29, Philadelphia, PA",113558,14844,4239,384,540,266,9.05874026893135
"14000US42101003001","Census Tract 30.01, Philadelphia, PA",67212,18190,3803,907,410,320,23.8495924270313
"14000US42101003002","Census Tract 30.02, Philadelphia, PA",80313,8932,3354,664,460,321,19.7972570065593
"14000US42101003100","Census Tract 31, Philadelphia, PA",86376,5666,4743,651,1097,548,13.7254901960784
"14000US42101003200","Census Tract 32, Philadelphia, PA",84107,11702,4240,228,645,138,5.37735849056604
"14000US42101003300","Census Tract 33, Philadelphia, PA",87125,30890,6302,1173,1134,677,18.6131386861314
"14000US42101003600","Census Tract 36, Philadelphia, PA",36793,16448,6310,1699,1223,727,26.9255150554675
"14000US42101003701","Census Tract 37.01, Philadelphia, PA",62206,27092,5737,1572,921,820,27.4010807042008
"14000US42101003702","Census Tract 37.02, Philadelphia, PA",47500,9417,3453,548,892,336,15.8702577468868
"14000US42101003800","Census Tract 38, Philadelphia, PA",97306,21113,3622,346,658,278,9.55273329652126
"14000US42101003901","Census Tract 39.01, Philadelphia, PA",61578,12050,6391,698,820,313,10.92160851197
"14000US42101003902","Census Tract 39.02, Philadelphia, PA",84020,10319,5107,880,704,364,17.2312512238105
"14000US42101004001","Census Tract 40.01, Philadelphia, PA",84446,19996,4103,919,782,688,22.3982451864489
"14000US42101004002","Census Tract 40.02, Philadelphia, PA",98447,7330,5544,331,961,398,5.97041847041847
"14000US42101004101","Census Tract 41.01, Philadelphia, PA",68598,11284,5517,500,668,212,9.06289650172195
"14000US42101004103","Census Tract 41.03, Philadelphia, PA",55647,4472,4665,1615,1372,871,34.6195069667738
"14000US42101004104","Census Tract 41.04, Philadelphia, PA",62827,27536,3622,503,701,290,13.8873550524572
"14000US42101004201","Census Tract 42.01, Philadelphia, PA",95859,18212,4405,429,830,338,9.73893303064699
"14000US42101004202","Census Tract 42.02, Philadelphia, PA",79746,8272,5440,624,909,392,11.4705882352941
"14000US42101005400","Census Tract 54, Philadelphia, PA",59195,16480,1687,438,299,165,25.9632483698874
"14000US42101005500","Census Tract 55, Philadelphia, PA",73586,36332,6421,1124,1064,623,17.5050615168977
"14000US42101005600","Census Tract 56, Philadelphia, PA",32411,13867,1010,370,285,136,36.6336633663366
"14000US42101006000","Census Tract 60, Philadelphia, PA",44692,15275,6272,1393,840,558,22.2098214285714
"14000US42101006100","Census Tract 61, Philadelphia, PA",54246,12283,2975,474,680,394,15.9327731092437
"14000US42101006200","Census Tract 62, Philadelphia, PA",48610,7373,4139,508,736,277,12.2734960135298
"14000US42101006300","Census Tract 63, Philadelphia, PA",29464,9521,4035,1970,748,778,48.8228004956629
"14000US42101006400","Census Tract 64, Philadelphia, PA",40119,14161,4536,936,891,416,20.6349206349206
"14000US42101006500","Census Tract 65, Philadelphia, PA",43158,10433,4894,921,1011,342,18.8189619942787
"14000US42101006600","Census Tract 66, Philadelphia, PA",25547,24589,2730,1181,902,817,43.2600732600733
"14000US42101006700","Census Tract 67, Philadelphia, PA",37184,7196,7199,2039,1355,798,28.3233782469787
"14000US42101007000","Census Tract 70, Philadelphia, PA",39708,3533,3733,779,1046,278,20.8679346370212
"14000US42101007101","Census Tract 71.01, Philadelphia, PA",41627,12279,1833,365,382,127,19.9127114020731
"14000US42101007102","Census Tract 71.02, Philadelphia, PA",36538,9905,4441,962,784,425,21.6617878856113
"14000US42101007200","Census Tract 72, Philadelphia, PA",42963,15061,4603,1244,912,559,27.0258527047578
"14000US42101007300","Census Tract 73, Philadelphia, PA",64262,33428,3460,383,626,145,11.0693641618497
"14000US42101007400","Census Tract 74, Philadelphia, PA",27902,10533,3624,1341,816,829,37.0033112582781
"14000US42101007700","Census Tract 77, Philadelphia, PA",48021,10976,1341,268,193,89,19.9850857568978
"14000US42101007800","Census Tract 78, Philadelphia, PA",64294,21519,4563,946,600,507,20.7319745781284
"14000US42101007900","Census Tract 79, Philadelphia, PA",79531,22190,4261,561,755,295,13.165923492138
"14000US42101008000","Census Tract 80, Philadelphia, PA",63359,22321,3644,425,790,197,11.6630076838639
"14000US42101008101","Census Tract 81.01, Philadelphia, PA",37356,25817,2498,850,563,509,34.0272217774219
"14000US42101008102","Census Tract 81.02, Philadelphia, PA",49872,11930,5370,1014,1088,629,18.8826815642458
"14000US42101008200","Census Tract 82, Philadelphia, PA",35741,11460,7481,2334,1015,1286,31.1990375618233
"14000US42101008301","Census Tract 83.01, Philadelphia, PA",32008,11735,3321,982,792,811,29.5694068051792
"14000US42101008302","Census Tract 83.02, Philadelphia, PA",41376,12106,4850,1417,838,589,29.2164948453608
"14000US42101008400","Census Tract 84, Philadelphia, PA",56232,10100,5079,848,1111,432,16.6962000393778
"14000US42101008500","Census Tract 85, Philadelphia, PA",36551,12654,6817,1743,1026,569,25.5684318615227
"14000US42101008601","Census Tract 86.01, Philadelphia, PA",73818,25241,3605,509,555,283,14.119278779473
"14000US42101008602","Census Tract 86.02, Philadelphia, PA",37167,9084,2667,501,518,210,18.785151856018
"14000US42101008701","Census Tract 87.01, Philadelphia, PA",62083,6555,4147,677,592,255,16.3250542560887
"14000US42101008702","Census Tract 87.02, Philadelphia, PA",51971,24758,3308,1313,609,455,39.6916565900846
"14000US42101008801","Census Tract 88.01, Philadelphia, PA",33400,15576,750,358,277,192,47.7333333333333
"14000US42101008802","Census Tract 88.02, Philadelphia, PA",25106,10596,2807,1547,592,578,55.1122194513716
"14000US42101009000","Census Tract 90, Philadelphia, PA",38538,4662,3187,1580,710,579,49.5764041418262
"14000US42101009100","Census Tract 91, Philadelphia, PA",36231,13218,2951,1136,340,286,38.4954252795662
"14000US42101009200","Census Tract 92, Philadelphia, PA",64250,21450,3255,762,659,397,23.4101382488479
"14000US42101009300","Census Tract 93, Philadelphia, PA",42232,17118,4210,1039,669,502,24.6793349168646
"14000US42101009400","Census Tract 94, Philadelphia, PA",34977,12553,3604,802,645,291,22.2530521642619
"14000US42101009500","Census Tract 95, Philadelphia, PA",30189,22119,3758,1462,829,775,38.9036721660458
"14000US42101009600","Census Tract 96, Philadelphia, PA",40787,15673,3586,1239,772,494,34.5510317902956
"14000US42101009801","Census Tract 98.01, Philadelphia, PA",78325,12188,2534,183,552,130,7.22178374112076
"14000US42101009802","Census Tract 98.02, Philadelphia, PA",88764,22614,5820,1008,1005,523,17.319587628866
"14000US42101010000","Census Tract 100, Philadelphia, PA",50222,18279,5696,1841,1065,979,32.3209269662921
"14000US42101010100","Census Tract 101, Philadelphia, PA",47626,5998,6579,953,1187,584,14.4854841161271
"14000US42101010200","Census Tract 102, Philadelphia, PA",22004,21126,3188,1329,676,524,41.6875784190715
"14000US42101010300","Census Tract 103, Philadelphia, PA",35008,4650,2104,738,533,343,35.0760456273764
"14000US42101010400","Census Tract 104, Philadelphia, PA",30168,27036,3701,1761,779,865,47.5817346663064
"14000US42101010500","Census Tract 105, Philadelphia, PA",37677,23144,3425,1271,621,489,37.1094890510949
"14000US42101010600","Census Tract 106, Philadelphia, PA",18018,9279,1512,733,238,223,48.478835978836
"14000US42101010700","Census Tract 107, Philadelphia, PA",49309,12093,3515,715,896,353,20.3413940256046
"14000US42101010800","Census Tract 108, Philadelphia, PA",35768,4891,4491,2100,1034,753,46.7601870407482
"14000US42101010900","Census Tract 109, Philadelphia, PA",23525,8092,2718,1276,462,436,46.9462840323767
"14000US42101011000","Census Tract 110, Philadelphia, PA",35323,12777,3290,1223,729,709,37.1732522796353
"14000US42101011100","Census Tract 111, Philadelphia, PA",48179,4504,3668,1046,868,635,28.5169029443839
"14000US42101011200","Census Tract 112, Philadelphia, PA",24120,12319,5853,2718,1469,1533,46.4377242439774
"14000US42101011300","Census Tract 113, Philadelphia, PA",46489,7515,3793,1420,696,755,37.4373846559452
"14000US42101011400","Census Tract 114, Philadelphia, PA",45444,19601,6318,1025,1053,621,16.2234884457107
"14000US42101011500","Census Tract 115, Philadelphia, PA",79443,19637,4766,786,829,461,16.4918170373479
"14000US42101011700","Census Tract 117, Philadelphia, PA",107431,62174,1008,224,284,161,22.2222222222222
"14000US42101011800","Census Tract 118, Philadelphia, PA",48762,14653,4400,1170,963,847,26.5909090909091
"14000US42101011900","Census Tract 119, Philadelphia, PA",66025,9604,4337,613,1157,215,14.1341941434171
"14000US42101012000","Census Tract 120, Philadelphia, PA",59609,14849,1272,139,345,81,10.9276729559748
"14000US42101012100","Census Tract 121, Philadelphia, PA",57039,8964,2765,238,460,106,8.60759493670886
"14000US42101012201","Census Tract 122.01, Philadelphia, PA",40480,17737,3133,706,624,275,22.5343121608682
"14000US42101012203","Census Tract 122.03, Philadelphia, PA",72429,8466,969,196,182,94,20.2270381836945
"14000US42101012204","Census Tract 122.04, Philadelphia, PA",41735,5829,3829,738,548,231,19.2739618699399
"14000US42101012501","Census Tract 125.01, Philadelphia, PA",89412,18143,2044,283,463,131,13.8454011741683
"14000US42101012502","Census Tract 125.02, Philadelphia, PA",94564,12497,4133,565,509,278,13.6704572949431
"14000US42101013100","Census Tract 131, Philadelphia, PA",32004,21370,1657,631,415,311,38.0808690404345
"14000US42101013200","Census Tract 132, Philadelphia, PA",60750,20100,3529,944,486,414,26.7497874752054
"14000US42101013300","Census Tract 133, Philadelphia, PA",95410,29941,3782,584,472,242,15.4415653093601
"14000US42101013401","Census Tract 134.01, Philadelphia, PA",145000,34404,2958,123,372,70,4.15821501014199
"14000US42101013402","Census Tract 134.02, Philadelphia, PA",99295,37872,2770,419,538,277,15.1263537906137
"14000US42101013500","Census Tract 135, Philadelphia, PA",152054,28143,4465,292,462,240,6.53975363941769
"14000US42101013601","Census Tract 136.01, Philadelphia, PA",114583,18852,2536,178,278,88,7.01892744479495
"14000US42101013602","Census Tract 136.02, Philadelphia, PA",122405,31951,3769,72,507,40,1.91032104006368
"14000US42101013701","Census Tract 137.01, Philadelphia, PA",98401,9340,2045,253,321,169,12.3716381418093
"14000US42101013702","Census Tract 137.02, Philadelphia, PA",74125,39214,3924,1290,930,823,32.8746177370031
"14000US42101013800","Census Tract 138, Philadelphia, PA",71033,37375,2183,174,368,103,7.97068254695373
"14000US42101013900","Census Tract 139, Philadelphia, PA",44551,27914,2643,917,799,431,34.6954218690882
"14000US42101014000","Census Tract 140, Philadelphia, PA",49754,8390,6011,2003,1144,1023,33.3222425553153
"14000US42101014100","Census Tract 141, Philadelphia, PA",,,3253,1055,508,539,32.4316015985244
"14000US42101014201","Census Tract 142.01, Philadelphia, PA",133768,18315,3113,78,505,56,2.50562158689367
"14000US42101014202","Census Tract 142.02, Philadelphia, PA",123503,30565,2655,130,476,101,4.89642184557439
"14000US42101014300","Census Tract 143, Philadelphia, PA",131645,12989,1979,130,265,89,6.56897422940879
"14000US42101014400","Census Tract 144, Philadelphia, PA",119576,34850,5462,653,676,293,11.9553277187843
"14000US42101014500","Census Tract 145, Philadelphia, PA",30643,13529,2147,831,449,371,38.7051700046577
"14000US42101014600","Census Tract 146, Philadelphia, PA",38490,31250,2893,1480,425,357,51.1579675077774
"14000US42101014700","Census Tract 147, Philadelphia, PA",26061,1754,3223,2388,742,837,74.0924604405833
"14000US42101014800","Census Tract 148, Philadelphia, PA",43529,24714,978,262,278,142,26.7893660531697
"14000US42101014900","Census Tract 149, Philadelphia, PA",,,4436,1555,858,831,35.0541027953111
"14000US42101015101","Census Tract 151.01, Philadelphia, PA",43529,15475,2197,536,539,248,24.3969048702777
"14000US42101015102","Census Tract 151.02, Philadelphia, PA",23387,10470,4783,1974,1333,498,41.2711687225591
"14000US42101015200","Census Tract 152, Philadelphia, PA",61993,25019,7116,1950,1818,761,27.4030354131535
"14000US42101015300","Census Tract 153, Philadelphia, PA",35278,7857,5136,2049,1305,701,39.8948598130841
"14000US42101015600","Census Tract 156, Philadelphia, PA",69750,10602,1553,665,459,460,42.8203477141017
"14000US42101015700","Census Tract 157, Philadelphia, PA",103393,36719,2922,357,558,227,12.217659137577
"14000US42101015800","Census Tract 158, Philadelphia, PA",125625,27484,6770,403,707,223,5.95273264401773
"14000US42101016001","Census Tract 160.01, Philadelphia, PA",113418,16882,2288,114,341,80,4.98251748251748
"14000US42101016002","Census Tract 160.02, Philadelphia, PA",94926,43996,4401,718,776,347,16.3144739831856
"14000US42101016100","Census Tract 161, Philadelphia, PA",95742,24505,6752,747,986,355,11.0633886255924
"14000US42101016200","Census Tract 162, Philadelphia, PA",50972,25791,2768,636,662,352,22.9768786127168
"14000US42101016300","Census Tract 163, Philadelphia, PA",39754,9776,2667,586,576,364,21.9722534683165
"14000US42101016400","Census Tract 164, Philadelphia, PA",34324,10650,4012,1480,789,558,36.889332003988
"14000US42101016500","Census Tract 165, Philadelphia, PA",17875,13633,1907,920,542,373,48.2433141059255
"14000US42101016600","Census Tract 166, Philadelphia, PA",,,1787,930,405,362,52.0425293788472
"14000US42101016701","Census Tract 167.01, Philadelphia, PA",33343,28005,3084,934,730,411,30.2853437094682
"14000US42101016702","Census Tract 167.02, Philadelphia, PA",33970,9701,2486,658,597,598,26.4682220434433
"14000US42101016800","Census Tract 168, Philadelphia, PA",39398,9832,3277,937,667,482,28.5932255111382
"14000US42101016901","Census Tract 169.01, Philadelphia, PA",39202,27745,3549,1163,1303,669,32.7697943082558
"14000US42101016902","Census Tract 169.02, Philadelphia, PA",23458,12207,4083,2056,994,1001,50.3551310311046
"14000US42101017000","Census Tract 170, Philadelphia, PA",33295,20497,2985,939,541,422,31.4572864321608
"14000US42101017100","Census Tract 171, Philadelphia, PA",22399,15692,3953,1516,845,847,38.3506197824437
"14000US42101017201","Census Tract 172.01, Philadelphia, PA",,,2675,973,803,427,36.3738317757009
"14000US42101017202","Census Tract 172.02, Philadelphia, PA",55147,15447,4538,937,852,488,20.647862494491
"14000US42101017300","Census Tract 173, Philadelphia, PA",28372,14031,2750,1152,787,591,41.8909090909091
"14000US42101017400","Census Tract 174, Philadelphia, PA",24279,14590,2135,950,540,548,44.4964871194379
"14000US42101017500","Census Tract 175, Philadelphia, PA",31261,8508,6405,3016,2079,1957,47.088212334114
"14000US42101017601","Census Tract 176.01, Philadelphia, PA",22262,8789,4435,2240,969,926,50.5073280721533
"14000US42101017602","Census Tract 176.02, Philadelphia, PA",32744,11114,3285,1456,655,469,44.3226788432268
"14000US42101017701","Census Tract 177.01, Philadelphia, PA",,,2883,1509,844,754,52.3413111342352
"14000US42101017702","Census Tract 177.02, Philadelphia, PA",24420,19458,3914,2015,745,755,51.4818599897803
"14000US42101017800","Census Tract 178, Philadelphia, PA",,,7035,2878,2022,1280,40.90973702914
"14000US42101017900","Census Tract 179, Philadelphia, PA",58417,24719,5306,1391,1108,780,26.2156049754994
"14000US42101018001","Census Tract 180.01, Philadelphia, PA",65357,35785,2239,230,298,133,10.2724430549352
"14000US42101018002","Census Tract 180.02, Philadelphia, PA",59983,49737,5054,358,1086,284,7.08349821923229
"14000US42101018300","Census Tract 183, Philadelphia, PA",93393,18997,4282,356,699,211,8.31387202241943
"14000US42101018400","Census Tract 184, Philadelphia, PA",71579,33975,2171,283,351,155,13.0354675264855
"14000US42101018801","Census Tract 188.01, Philadelphia, PA",,,3055,1577,617,666,51.620294599018
"14000US42101018802","Census Tract 188.02, Philadelphia, PA",,,3436,1740,1559,1405,50.6402793946449
"14000US42101019000","Census Tract 190, Philadelphia, PA",38856,12846,7426,2187,1545,1286,29.4505790465931
"14000US42101019100","Census Tract 191, Philadelphia, PA",48004,16557,8704,2577,1489,1092,29.6070772058824
"14000US42101019200","Census Tract 192, Philadelphia, PA",22229,14415,7884,2550,1835,1072,32.3439878234399
"14000US42101019501","Census Tract 195.01, Philadelphia, PA",26594,3966,4536,1870,1032,919,41.2257495590829
"14000US42101019502","Census Tract 195.02, Philadelphia, PA",40859,10720,3785,1772,718,843,46.8163804491413
"14000US42101019700","Census Tract 197, Philadelphia, PA",40274,21282,7050,3340,1046,1129,47.3758865248227
"14000US42101019800","Census Tract 198, Philadelphia, PA",36116,25136,5401,1642,1078,799,30.4017774486206
"14000US42101019900","Census Tract 199, Philadelphia, PA",33808,8233,4168,1605,1055,753,38.5076775431862
"14000US42101020000","Census Tract 200, Philadelphia, PA",21944,6778,928,260,197,172,28.0172413793103
"14000US42101020101","Census Tract 201.01, Philadelphia, PA",28190,9312,4256,1312,994,574,30.8270676691729
"14000US42101020102","Census Tract 201.02, Philadelphia, PA",36901,7075,3463,1642,1007,1047,47.4155356627202
"14000US42101020200","Census Tract 202, Philadelphia, PA",34926,9165,3660,1232,686,658,33.6612021857923
"14000US42101020300","Census Tract 203, Philadelphia, PA",48028,12338,2627,535,593,351,20.3654358583936
"14000US42101020400","Census Tract 204, Philadelphia, PA",48804,16975,4083,1622,858,706,39.7256918932158
"14000US42101020500","Census Tract 205, Philadelphia, PA",,,3622,904,1353,374,24.9585864163446
"14000US42101020600","Census Tract 206, Philadelphia, PA",80895,15236,1629,143,273,115,8.77839165131983
"14000US42101020701","Census Tract 207.01, Philadelphia, PA",111173,33878,4247,444,480,361,10.454438427125
"14000US42101020702","Census Tract 207.02, Philadelphia, PA",136875,43139,1683,86,258,96,5.10992275698158
"14000US42101020800","Census Tract 208, Philadelphia, PA",85043,19290,2223,188,305,109,8.4570400359874
"14000US42101020900","Census Tract 209, Philadelphia, PA",99741,24783,2963,235,379,110,7.93115086061424
"14000US42101021000","Census Tract 210, Philadelphia, PA",91056,7512,4643,601,648,214,12.9442171010123
"14000US42101021100","Census Tract 211, Philadelphia, PA",94432,29449,2535,192,335,105,7.57396449704142
"14000US42101021200","Census Tract 212, Philadelphia, PA",123816,32055,2903,171,608,73,5.89045814674475
"14000US42101021300","Census Tract 213, Philadelphia, PA",102459,28452,3305,283,332,208,8.56278366111952
"14000US42101021400","Census Tract 214, Philadelphia, PA",99236,26296,3570,253,513,149,7.08683473389356
"14000US42101021500","Census Tract 215, Philadelphia, PA",124506,34350,3897,68,679,66,1.74493199897357
"14000US42101021600","Census Tract 216, Philadelphia, PA",114537,11120,2493,148,281,99,5.93662254312074
"14000US42101021700","Census Tract 217, Philadelphia, PA",88791,2830,6225,804,793,421,12.9156626506024
"14000US42101021800","Census Tract 218, Philadelphia, PA",71744,14570,4946,454,600,330,9.17913465426607
"14000US42101021900","Census Tract 219, Philadelphia, PA",81750,14080,1553,65,293,40,4.18544752092724
"14000US42101022000","Census Tract 220, Philadelphia, PA",93667,42056,1331,35,233,23,2.62960180315552
"14000US42101023100","Census Tract 231, Philadelphia, PA",227656,79981,1606,101,219,79,6.28891656288917
"14000US42101023500","Census Tract 235, Philadelphia, PA",96806,38451,1053,39,183,37,3.7037037037037
"14000US42101023600","Census Tract 236, Philadelphia, PA",115352,54259,2395,185,557,247,7.72442588726514
"14000US42101023700","Census Tract 237, Philadelphia, PA",81615,13143,5109,519,1052,282,10.15854374633
"14000US42101023800","Census Tract 238, Philadelphia, PA",71467,15913,5901,1105,1316,370,18.725639722081
"14000US42101023900","Census Tract 239, Philadelphia, PA",60329,32111,1965,217,386,105,11.0432569974555
"14000US42101024000","Census Tract 240, Philadelphia, PA",61543,21254,3612,900,735,359,24.9169435215947
"14000US42101024100","Census Tract 241, Philadelphia, PA",,,1320,277,280,93,20.9848484848485
"14000US42101024200","Census Tract 242, Philadelphia, PA",55123,28691,5367,1522,883,841,28.3584870504938
"14000US42101024300","Census Tract 243, Philadelphia, PA",64066,27757,4295,509,625,199,11.8509895227008
"14000US42101024400","Census Tract 244, Philadelphia, PA",63125,13781,3002,501,640,286,16.688874083944
"14000US42101024500","Census Tract 245, Philadelphia, PA",35025,20733,4941,1795,1539,1104,36.3286784051811
"14000US42101024600","Census Tract 246, Philadelphia, PA",55978,15916,2281,517,480,220,22.6654975887769
"14000US42101024700","Census Tract 247, Philadelphia, PA",52105,27272,5116,1225,1022,571,23.9444878811572
"14000US42101024800","Census Tract 248, Philadelphia, PA",48594,25622,2268,955,541,518,42.1075837742504
"14000US42101024900","Census Tract 249, Philadelphia, PA",32083,13450,3476,1329,890,752,38.2336018411968
"14000US42101025200","Census Tract 252, Philadelphia, PA",26638,10389,7184,2052,1193,820,28.5634743875278
"14000US42101025300","Census Tract 253, Philadelphia, PA",67404,21385,4055,269,692,187,6.63378545006165
"14000US42101025400","Census Tract 254, Philadelphia, PA",83380,21561,4052,378,809,254,9.32872655478776
"14000US42101025500","Census Tract 255, Philadelphia, PA",96250,33058,2688,183,340,73,6.80803571428571
"14000US42101025600","Census Tract 256, Philadelphia, PA",120357,30391,2649,125,389,106,4.71876179690449
"14000US42101025700","Census Tract 257, Philadelphia, PA",66045,4377,3475,274,500,140,7.88489208633094
"14000US42101025800","Census Tract 258, Philadelphia, PA",59904,41934,1701,71,374,47,4.1740152851264
"14000US42101025900","Census Tract 259, Philadelphia, PA",51191,14505,4599,595,1071,331,12.937595129376
"14000US42101026000","Census Tract 260, Philadelphia, PA",67842,8770,2902,400,570,268,13.7835975189524
"14000US42101026100","Census Tract 261, Philadelphia, PA",58750,9295,2880,152,880,106,5.27777777777778
"14000US42101026200","Census Tract 262, Philadelphia, PA",81386,11849,4781,392,898,260,8.199121522694
"14000US42101026301","Census Tract 263.01, Philadelphia, PA",75490,6793,4495,230,844,95,5.11679644048943
"14000US42101026302","Census Tract 263.02, Philadelphia, PA",103182,57969,4882,565,819,388,11.5731257681278
"14000US42101026400","Census Tract 264, Philadelphia, PA",72414,25079,5493,537,1276,247,9.77607864554888
"14000US42101026500","Census Tract 265, Philadelphia, PA",46357,5279,4581,1121,991,695,24.470639598341
"14000US42101026600","Census Tract 266, Philadelphia, PA",66077,14572,6324,757,1016,408,11.9702719797596
"14000US42101026700","Census Tract 267, Philadelphia, PA",55613,16747,6751,1161,1414,752,17.1974522292994
"14000US42101026800","Census Tract 268, Philadelphia, PA",43129,8941,4542,864,574,411,19.0224570673712
"14000US42101026900","Census Tract 269, Philadelphia, PA",70625,18146,2238,233,397,100,10.4110813226095
"14000US42101027000","Census Tract 270, Philadelphia, PA",98238,15132,2582,158,459,103,6.11928737412858
"14000US42101027100","Census Tract 271, Philadelphia, PA",59618,2176,2324,372,354,196,16.0068846815835
"14000US42101027200","Census Tract 272, Philadelphia, PA",64023,12265,3985,303,594,154,7.60351317440402
"14000US42101027300","Census Tract 273, Philadelphia, PA",48501,8341,5908,922,1000,629,15.6059580230196
"14000US42101027401","Census Tract 274.01, Philadelphia, PA",48828,36723,3606,970,737,485,26.8996117581808
"14000US42101027402","Census Tract 274.02, Philadelphia, PA",86958,10440,6731,711,1076,736,10.5630664091517
"14000US42101027500","Census Tract 275, Philadelphia, PA",64196,10583,4237,582,806,277,13.7361340571159
"14000US42101027600","Census Tract 276, Philadelphia, PA",55149,12619,4484,828,775,566,18.4656556645852
"14000US42101027700","Census Tract 277, Philadelphia, PA",22865,12607,5523,2670,1565,1414,48.3432916892993
"14000US42101027800","Census Tract 278, Philadelphia, PA",48542,31980,4612,828,1161,485,17.9531656548135
"14000US42101027901","Census Tract 279.01, Philadelphia, PA",28824,14596,2767,907,758,570,32.779183230936
"14000US42101027902","Census Tract 279.02, Philadelphia, PA",51950,2720,3132,605,891,182,19.3167305236271
"14000US42101028000","Census Tract 280, Philadelphia, PA",35847,8321,4054,1269,990,449,31.3024173655649
"14000US42101028100","Census Tract 281, Philadelphia, PA",62435,10532,3020,672,674,390,22.2516556291391
"14000US42101028200","Census Tract 282, Philadelphia, PA",,,4676,1884,687,903,40.2908468776732
"14000US42101028300","Census Tract 283, Philadelphia, PA",47594,18704,5765,2405,1607,1143,41.7172593235039
"14000US42101028400","Census Tract 284, Philadelphia, PA",32538,12388,3328,1486,734,686,44.6514423076923
"14000US42101028500","Census Tract 285, Philadelphia, PA",,,2502,1094,623,506,43.7250199840128
"14000US42101028600","Census Tract 286, Philadelphia, PA",62509,38335,6617,1656,1090,828,25.0264470303763
"14000US42101028700","Census Tract 287, Philadelphia, PA",36461,19455,2514,1130,960,947,44.9482895783612
"14000US42101028800","Census Tract 288, Philadelphia, PA",62900,20703,4286,596,1104,481,13.9057396173588
"14000US42101028901","Census Tract 289.01, Philadelphia, PA",53164,34312,4274,1176,1003,601,27.5152082358446
"14000US42101028902","Census Tract 289.02, Philadelphia, PA",40443,4607,6137,2324,1138,1102,37.8686654717289
"14000US42101029000","Census Tract 290, Philadelphia, PA",49307,8840,7546,1269,1467,828,16.816856612775
"14000US42101029100","Census Tract 291, Philadelphia, PA",33073,15742,4241,1749,707,810,41.2402735203961
"14000US42101029200","Census Tract 292, Philadelphia, PA",77188,12061,3783,402,652,244,10.6264869151467
"14000US42101029300","Census Tract 293, Philadelphia, PA",34339,32283,2668,1171,678,353,43.8905547226387
"14000US42101029400","Census Tract 294, Philadelphia, PA",36025,13217,3402,1130,844,837,33.2157554379777
"14000US42101029800","Census Tract 298, Philadelphia, PA",48113,9374,5358,2015,812,601,37.6073161627473
"14000US42101029900","Census Tract 299, Philadelphia, PA",35833,10129,4219,1963,1001,778,46.5276131784783
"14000US42101030000","Census Tract 300, Philadelphia, PA",34196,6977,6901,1946,1311,807,28.1988117664107
"14000US42101030100","Census Tract 301, Philadelphia, PA",30175,22109,6555,2816,1233,1093,42.9595728451564
"14000US42101030200","Census Tract 302, Philadelphia, PA",47902,16196,7657,1988,1241,1173,25.963170954682
"14000US42101030501","Census Tract 305.01, Philadelphia, PA",48846,11082,4529,1143,706,523,25.2373592404504
"14000US42101030502","Census Tract 305.02, Philadelphia, PA",50411,15534,6534,1861,2070,568,28.4817875726967
"14000US42101030600","Census Tract 306, Philadelphia, PA",56250,33039,6875,952,859,558,13.8472727272727
"14000US42101030700","Census Tract 307, Philadelphia, PA",62344,9725,4432,709,719,385,15.9972924187726
"14000US42101030800","Census Tract 308, Philadelphia, PA",62411,9816,4721,763,705,374,16.1618301207371
"14000US42101030900","Census Tract 309, Philadelphia, PA",55000,10400,4528,697,886,395,15.393109540636
"14000US42101031000","Census Tract 310, Philadelphia, PA",75434,13482,7240,1475,1442,1246,20.3729281767956
"14000US42101031101","Census Tract 311.01, Philadelphia, PA",48096,10864,4411,1063,842,519,24.0988437995919
"14000US42101031102","Census Tract 311.02, Philadelphia, PA",69237,27884,5110,645,1009,392,12.6223091976517
"14000US42101031200","Census Tract 312, Philadelphia, PA",60047,11884,5345,1057,866,589,19.7754911131899
"14000US42101031300","Census Tract 313, Philadelphia, PA",66721,8990,6463,928,1226,444,14.3586569704472
"14000US42101031401","Census Tract 314.01, Philadelphia, PA",53002,11577,6873,2006,1981,1424,29.1866724865415
"14000US42101031402","Census Tract 314.02, Philadelphia, PA",60625,14933,6124,1470,768,667,24.0039190071848
"14000US42101031501","Census Tract 315.01, Philadelphia, PA",71777,13798,7435,1432,1398,475,19.2602555480834
"14000US42101031502","Census Tract 315.02, Philadelphia, PA",48587,6448,3671,444,498,270,12.0947970580223
"14000US42101031600","Census Tract 316, Philadelphia, PA",62015,6977,5610,1225,1137,800,21.8360071301248
"14000US42101031700","Census Tract 317, Philadelphia, PA",39465,9881,5873,1656,1085,704,28.1968329644134
"14000US42101031800","Census Tract 318, Philadelphia, PA",64741,11160,3989,319,759,164,7.99699172724994
"14000US42101031900","Census Tract 319, Philadelphia, PA",50702,4947,5369,1663,1002,671,30.9741106351276
"14000US42101032000","Census Tract 320, Philadelphia, PA",53783,12344,7050,2288,1748,1647,32.4539007092199
"14000US42101032100","Census Tract 321, Philadelphia, PA",51988,10376,4062,981,836,411,24.1506646971935
"14000US42101032300","Census Tract 323, Philadelphia, PA",48906,18210,4158,1355,787,687,32.5877825877826
"14000US42101032500","Census Tract 325, Philadelphia, PA",54138,17399,5572,925,1029,668,16.6008614501077
"14000US42101032600","Census Tract 326, Philadelphia, PA",83009,26642,7014,806,943,516,11.4913031080696
"14000US42101032900","Census Tract 329, Philadelphia, PA",57651,10791,4032,705,620,480,17.485119047619
"14000US42101033000","Census Tract 330, Philadelphia, PA",52452,7772,10418,3065,1757,1894,29.4202342100211
"14000US42101033101","Census Tract 331.01, Philadelphia, PA",60035,24635,4969,1648,1099,950,33.1656268866975
"14000US42101033102","Census Tract 331.02, Philadelphia, PA",50337,8126,3705,922,480,270,24.885290148448
"14000US42101033200","Census Tract 332, Philadelphia, PA",54118,27190,2581,978,456,374,37.8922898101511
"14000US42101033300","Census Tract 333, Philadelphia, PA",59737,27979,3776,554,531,308,14.6716101694915
"14000US42101033400","Census Tract 334, Philadelphia, PA",50950,9533,4763,1248,893,674,26.2019735460844
"14000US42101033500","Census Tract 335, Philadelphia, PA",47575,11231,4196,1076,844,387,25.6434699714013
"14000US42101033600","Census Tract 336, Philadelphia, PA",60354,15400,7585,1709,1144,765,22.5313117996045
"14000US42101033701","Census Tract 337.01, Philadelphia, PA",53523,16057,6084,1228,1612,449,20.1840894148586
"14000US42101033702","Census Tract 337.02, Philadelphia, PA",69628,21189,4695,618,533,330,13.1629392971246
"14000US42101033800","Census Tract 338, Philadelphia, PA",65142,17022,6142,848,804,376,13.8065776619993
"14000US42101033900","Census Tract 339, Philadelphia, PA",61116,9149,3292,349,497,236,10.6014580801944
"14000US42101034000","Census Tract 340, Philadelphia, PA",95536,16507,2977,218,435,129,7.32280819617064
"14000US42101034100","Census Tract 341, Philadelphia, PA",72690,17714,5843,718,794,411,12.2882081122711
"14000US42101034200","Census Tract 342, Philadelphia, PA",69361,12297,3665,495,452,224,13.506139154161
"14000US42101034400","Census Tract 344, Philadelphia, PA",130353,15986,7786,554,721,287,7.11533521705625
"14000US42101034501","Census Tract 345.01, Philadelphia, PA",46711,22587,5001,1026,940,471,20.5158968206359
"14000US42101034502","Census Tract 345.02, Philadelphia, PA",61476,10366,5093,406,529,237,7.97172589829177
"14000US42101034600","Census Tract 346, Philadelphia, PA",66865,7698,2663,138,533,82,5.18212542245588
"14000US42101034701","Census Tract 347.01, Philadelphia, PA",84767,20309,8066,824,1593,469,10.2157203074634
"14000US42101034702","Census Tract 347.02, Philadelphia, PA",88313,19798,3405,462,345,324,13.568281938326
"14000US42101034801","Census Tract 348.01, Philadelphia, PA",65682,9078,4363,1184,569,349,27.1372908549163
"14000US42101034802","Census Tract 348.02, Philadelphia, PA",70788,19528,5784,354,911,198,6.12033195020747
"14000US42101034803","Census Tract 348.03, Philadelphia, PA",93846,21429,3631,388,537,313,10.6857614982099
"14000US42101034900","Census Tract 349, Philadelphia, PA",54144,15818,5896,1464,697,889,24.8303934871099
"14000US42101035100","Census Tract 351, Philadelphia, PA",72515,14318,3570,287,592,143,8.03921568627451
"14000US42101035200","Census Tract 352, Philadelphia, PA",76287,14318,4333,331,561,140,7.63904915762751
"14000US42101035301","Census Tract 353.01, Philadelphia, PA",84553,7291,4735,219,641,185,4.62513199577613
"14000US42101035302","Census Tract 353.02, Philadelphia, PA",75438,20204,4662,519,1033,332,11.1325611325611
"14000US42101035500","Census Tract 355, Philadelphia, PA",59803,19757,7818,1137,1215,446,14.5433614735226
"14000US42101035601","Census Tract 356.01, Philadelphia, PA",58165,21011,5395,366,776,189,6.7840593141798
"14000US42101035602","Census Tract 356.02, Philadelphia, PA",114107,18962,3395,163,465,75,4.80117820324006
"14000US42101035701","Census Tract 357.01, Philadelphia, PA",71069,21482,5069,745,654,569,14.6971789307556
"14000US42101035702","Census Tract 357.02, Philadelphia, PA",57292,22705,4679,742,913,350,15.8580893353281
"14000US42101035800","Census Tract 358, Philadelphia, PA",69298,13857,6035,706,1061,384,11.6984258492129
"14000US42101035900","Census Tract 359, Philadelphia, PA",42269,18167,4640,560,715,249,12.0689655172414
"14000US42101036000","Census Tract 360, Philadelphia, PA",49219,14275,2825,528,394,210,18.6902654867257
"14000US42101036100","Census Tract 361, Philadelphia, PA",84932,47735,3916,165,577,111,4.21348314606742
"14000US42101036201","Census Tract 362.01, Philadelphia, PA",87817,31791,5100,682,1432,468,13.3725490196078
"14000US42101036202","Census Tract 362.02, Philadelphia, PA",98463,5251,5455,279,695,215,5.11457378551787
"14000US42101036203","Census Tract 362.03, Philadelphia, PA",77656,14480,4722,390,476,236,8.25921219822109
"14000US42101036301","Census Tract 363.01, Philadelphia, PA",112514,32015,3952,225,781,208,5.69331983805668
"14000US42101036302","Census Tract 363.02, Philadelphia, PA",96612,13818,3751,466,592,257,12.4233537723274
"14000US42101036303","Census Tract 363.03, Philadelphia, PA",103026,36763,6771,604,1183,287,8.92039580564171
"14000US42101036400","Census Tract 364, Philadelphia, PA",82000,13958,867,169,159,81,19.4925028835063
"14000US42101036501","Census Tract 365.01, Philadelphia, PA",60764,31613,4856,916,551,460,18.8632619439868
"14000US42101036502","Census Tract 365.02, Philadelphia, PA",88529,42454,4496,605,658,379,13.4564056939502
"14000US42101036600","Census Tract 366, Philadelphia, PA",136250,66891,2319,87,356,59,3.751617076326
"14000US42101036700","Census Tract 367, Philadelphia, PA",148947,59063,3970,477,659,234,12.0151133501259
"14000US42101036901","Census Tract 369.01, Philadelphia, PA",,,8,0,5,12,0
"14000US42101036902","Census Tract 369.02, Philadelphia, PA",35284,22056,2082,914,300,218,43.9000960614793
"14000US42101037200","Census Tract 372, Philadelphia, PA",72167,17548,3902,481,782,382,12.3270117888262
"14000US42101037300","Census Tract 373, Philadelphia, PA",120560,13839,5937,523,848,332,8.80916287687384
"14000US42101037500","Census Tract 375, Philadelphia, PA",80463,26348,3240,488,520,263,15.0617283950617
"14000US42101037600","Census Tract 376, Philadelphia, PA",107313,22978,3087,452,534,128,14.6420472951085
"14000US42101037700","Census Tract 377, Philadelphia, PA",21959,5379,4191,2432,749,692,58.0291099976139
"14000US42101037800","Census Tract 378, Philadelphia, PA",74032,35803,2113,251,422,177,11.8788452437293
"14000US42101037900","Census Tract 379, Philadelphia, PA",87550,38803,4862,638,630,369,13.1221719457014
"14000US42101038000","Census Tract 380, Philadelphia, PA",49022,6867,2421,448,558,198,18.5047501032631
"14000US42101038100","Census Tract 381, Philadelphia, PA",39059,8338,702,144,247,112,20.5128205128205
"14000US42101038200","Census Tract 382, Philadelphia, PA",44293,22499,2908,331,627,200,11.3823933975241
"14000US42101038301","Census Tract 383.01, Philadelphia, PA",33382,20200,2401,875,313,393,36.4431486880466
"14000US42101038400","Census Tract 384, Philadelphia, PA",114107,8893,2471,61,216,44,2.46863617968434
"14000US42101038500","Census Tract 385, Philadelphia, PA",129155,10607,1805,85,177,44,4.70914127423823
"14000US42101038600","Census Tract 386, Philadelphia, PA",170893,32146,1352,49,240,52,3.62426035502959
"14000US42101038700","Census Tract 387, Philadelphia, PA",132721,26511,1792,165,263,69,9.20758928571429
"14000US42101038800","Census Tract 388, Philadelphia, PA",120451,11003,3939,128,691,61,3.24955572480325
"14000US42101038900","Census Tract 389, Philadelphia, PA",75735,28012,3201,313,531,143,9.77819431427679
"14000US42101039001","Census Tract 390.01, Philadelphia, PA",59458,32681,4123,1919,726,646,46.5437788018433
"14000US42101039002","Census Tract 390.02, Philadelphia, PA",66278,12758,4826,722,1102,439,14.9606299212598
"14000US42101039100","Census Tract 391, Philadelphia, PA",33328,18572,2152,1100,546,496,51.1152416356877
"14000US42101980001","Census Tract 9800.01, Philadelphia, PA",,,0,0,12,12,
"14000US42101980002","Census Tract 9800.02, Philadelphia, PA",,,0,0,12,12,
"14000US42101980003","Census Tract 9800.03, Philadelphia, PA",,,0,0,12,12,
"14000US42101980100","Census Tract 9801, Philadelphia, PA",111295,392,292,0,430,12,0
"14000US42101980200","Census Tract 9802, Philadelphia, PA",,,62,29,53,17,46.7741935483871
"14000US42101980300","Census Tract 9803, Philadelphia, PA",,,0,0,12,12,
"14000US42101980400","Census Tract 9804, Philadelphia, PA",,,0,0,12,12,
"14000US42101980500","Census Tract 9805, Philadelphia, PA",,,0,0,12,12,
"14000US42101980600","Census Tract 9806, Philadelphia, PA",,,0,0,12,12,
"14000US42101980701","Census Tract 9807.01, Philadelphia, PA",,,0,0,12,12,
"14000US42101980702","Census Tract 9807.02, Philadelphia, PA",,,0,0,12,12,
"14000US42101980800","Census Tract 9808, Philadelphia, PA",,,0,0,12,12,
"14000US42101980901","Census Tract 9809.01, Philadelphia, PA",,,0,0,12,12,
"14000US42101980902","Census Tract 9809.02, Philadelphia, PA",,,0,0,12,12,
"14000US42101980903","Census Tract 9809.03, Philadelphia, PA",,,0,0,12,12,
"14000US42101980904","Census Tract 9809.04, Philadelphia, PA",,,0,0,12,12,
"14000US42101980905","Census Tract 9809.05, Philadelphia, PA",,,0,0,12,12,
"14000US42101980906","Census Tract 9809.06, Philadelphia, PA",,,0,0,12,12,
"14000US42101989100","Census Tract 9891, Philadelphia, PA",,,29,20,16,23,68.9655172413793
"14000US42101989200","Census Tract 9892, Philadelphia, PA",,,0,0,12,12,
"14000US42101989300","Census Tract 9893, Philadelphia, PA",,,0,0,12,12,
