"date","available_months","correlation"
2017-12-01,36,-0.859470325552536
2018-01-01,36,-0.84746282574413
2018-02-01,36,-0.841180567404637
2018-03-01,36,-0.834521944702158
2018-04-01,36,-0.828245470646505
2018-05-01,36,-0.825263041927955
2018-06-01,36,-0.82222165915295
2018-07-01,36,-0.821844847270747
2018-08-01,36,-0.818290740258167
2018-09-01,36,-0.811183630195664
2018-10-01,36,-0.814253157021252
2018-11-01,36,-0.790500503382733
2018-12-01,36,-0.766211335348825
2019-01-01,36,-0.724872087070002
2019-02-01,36,-0.657240210763879
2019-03-01,36,-0.604421257094127
2019-04-01,36,-0.550853516691435
2019-05-01,36,-0.476171893150667
2019-06-01,36,-0.369555825111238
2019-07-01,36,-0.266708754695687
2019-08-01,36,-0.111857850751382
2019-09-01,36,0.0320043431180174
2019-10-01,36,0.145825579216068
2019-11-01,36,0.221181667293533
2019-12-01,36,0.225444720388936
2020-01-01,36,0.127019440456693
2020-02-01,36,-0.00998423273169501
2020-03-01,36,-0.1299931615524
2020-04-01,36,-0.626788571835335
2020-05-01,36,-0.75046079708647
2020-06-01,36,-0.790248616460538
2020-07-01,36,-0.809404210476178
2020-08-01,36,-0.816270910058654
2020-09-01,36,-0.820107248666814
2020-10-01,36,-0.821584856077948
2020-11-01,36,-0.820937496679787
2020-12-01,36,-0.821395821588313
2021-01-01,36,-0.820767728770334
2021-02-01,36,-0.820337181837992
2021-03-01,36,-0.78993161648937
2021-04-01,36,-0.660202990882318
2021-05-01,36,-0.532309835329442
2021-06-01,36,-0.434458799814591
2021-07-01,36,-0.383916370160704
2021-08-01,36,-0.359445466159564
2021-09-01,36,-0.353467662955171
2021-10-01,36,-0.348120857888187
2021-11-01,36,-0.358385867902655
2021-12-01,36,-0.376849565222821
2022-01-01,36,-0.398605470662431
2022-02-01,36,-0.423994453608531
2022-03-01,36,-0.44831655503058
2022-04-01,36,-0.474386317000002
2022-05-01,36,-0.505388982071402
2022-06-01,36,-0.537571151398032
2022-07-01,36,-0.570050601889378
2022-08-01,36,-0.604562024313387
2022-09-01,36,-0.643100604226632
2022-10-01,36,-0.680396217539077
2022-11-01,36,-0.714317300302221
2022-12-01,36,-0.745239321103908
2023-01-01,36,-0.773540953701273
2023-02-01,36,-0.806446482369607
2023-03-01,36,-0.832163696582781
2023-04-01,36,-0.843046028764391
2023-05-01,36,-0.842045993375309
2023-06-01,36,-0.814136333648045
2023-07-01,36,-0.786573639084282
2023-08-01,36,-0.749314593746553
2023-09-01,36,-0.703042375033672
2023-10-01,36,-0.646056017983696
2023-11-01,36,-0.570128287023099
2023-12-01,36,-0.485816243173644
2024-01-01,36,-0.380610538127325
2024-02-01,36,-0.273556480964506
2024-03-01,36,-0.178638609830652
2024-04-01,36,-0.124235542153455
2024-05-01,36,-0.103482327698667
2024-06-01,36,-0.126291872548005
2024-07-01,36,-0.170339829869413
2024-08-01,36,-0.236574646987195
2024-09-01,36,-0.311839472984823
2024-10-01,36,-0.42806146709451
2024-11-01,36,-0.504404448518278
2024-12-01,36,-0.544887323358545
2025-01-01,36,-0.604703514444964
2025-02-01,36,-0.654355089036285
2025-03-01,36,-0.680651147428791
2025-04-01,36,-0.703915835620884
2025-05-01,36,-0.712417621347399
2025-06-01,36,-0.728378755979841
2025-07-01,36,-0.719165141762332
2025-08-01,36,-0.725108293806505
2025-09-01,36,-0.709134850163372
2025-10-01,35,-0.728590462446069
2025-11-01,35,-0.741144404180433
2025-12-01,35,-0.733584265600058
2026-01-01,35,-0.741779926234247
2026-02-01,35,-0.793394539713364
2026-03-01,35,-0.754739690832498
2026-04-01,35,-0.6226741293929
2026-05-01,35,-0.437207960043532
2026-06-01,35,-0.429314120509153
2026-07-01,35,-0.422753163916673
2026-08-01,35,-0.366493096671101
