"geoid_a","geoid_b","income_gap","poverty_gap_pp"
"14000US42101000101","14000US42101000102",10115,0.834706971236571
"14000US42101000101","14000US42101000200",8478,18.8620212453341
"14000US42101000101","14000US42101000500",41471,10.6430890580735
"14000US42101000101","14000US42101000600",14885,4.48114053654582
"14000US42101000101","14000US42101001001",3690,3.1799591040261
"14000US42101000101","14000US42101001002",6122,4.82010237817255
"14000US42101000102","14000US42101000500",31356,11.4777960293101
"14000US42101000200","14000US42101000300",566,19.2765615866782
"14000US42101000200","14000US42101000403",64518,13.4554653070097
"14000US42101000200","14000US42101000500",32993,8.21893218726059
"14000US42101000200","14000US42101012501",13258,9.90709383581174
"14000US42101000300","14000US42101000500",32427,11.0576293994176
"14000US42101000300","14000US42101012501",12692,9.36946775086645
"14000US42101000300","14000US42101012502",7540,9.1945238716413
"14000US42101000300","14000US42101037600",5209,10.1661138718067
"14000US42101000300","14000US42101980003",,
"14000US42101000401","14000US42101000701",6632,6.5367255068126
"14000US42101000401","14000US42101000702",32347,5.28603186272671
"14000US42101000401","14000US42101036902",56898,27.4218500868305
"14000US42101000401","14000US42101980003",,
"14000US42101000403","14000US42101000600",41155,0.925415401778531
"14000US42101000404","14000US42101000701",10474,4.66611317536147
"14000US42101000404","14000US42101000702",36189,5.91680681944735
"14000US42101000500","14000US42101000600",56356,6.16194852152768
"14000US42101000500","14000US42101000701",15873,5.59204235488319
"14000US42101000500","14000US42101001001",37781,7.4631299540474
"14000US42101000600","14000US42101000701",40483,0.569906166644492
"14000US42101000600","14000US42101000806",24990,3.87198100927285
"14000US42101000701","14000US42101000805",11350,3.58157459503517
"14000US42101000701","14000US42101000806",65473,3.30207484262835
"14000US42101000701","14000US42101000901",33888,16.8084795321637
"14000US42101000702","14000US42101036902",24551,32.7078819495572
"14000US42101000801","14000US42101000803",11982,5.6216529128269
"14000US42101000801","14000US42101001201",8627,2.11641543764327
"14000US42101000801","14000US42101036902",80966,37.9150586549956
"14000US42101000803","14000US42101000805",30068,5.24674444650961
"14000US42101000803","14000US42101001204",9096,0.551100063220749
"14000US42101000805","14000US42101001203",40175,1.00488184486162
"14000US42101000806","14000US42101000901",99361,13.5064046895354
"14000US42101000806","14000US42101001101",83395,1.2330132998826
"14000US42101000901","14000US42101001101",15966,14.739417989418
"14000US42101000901","14000US42101001204",43510,15.6944097439101
"14000US42101001101","14000US42101001102",68533,8.53138545391056
"14000US42101001101","14000US42101001204",27544,0.954991754492067
"14000US42101001101","14000US42101001400",51311,1.16183178252144
"14000US42101001201","14000US42101036901",,8.10145284412706
"14000US42101001201","14000US42101036902",89593,35.7986432173523
"14000US42101001204","14000US42101001400",23767,2.1168235370135
"14000US42101001204","14000US42101001500",25592,1.17746325159989
"14000US42101001302","14000US42101002000",1791,23.6960380404772
"14000US42101001302","14000US42101003300",17687,15.2753844863082
"14000US42101001302","14000US42101036901",,3.33775419982317
"14000US42101001302","14000US42101036902",69528,40.5623418616562
"14000US42101001400","14000US42101001900",26993,3.81471722610456
"14000US42101001500","14000US42101001700",28178,7.52518582801947
"14000US42101001500","14000US42101001800",1205,5.95537504311408
"14000US42101001600","14000US42101001800",27406,3.24391470529069
"14000US42101001700","14000US42101002400",74279,17.4559760209816
"14000US42101001700","14000US42101002500",58836,17.9204601210271
"14000US42101001800","14000US42101002400",47306,15.8861652360762
"14000US42101001800","14000US42101002500",31863,16.3506493361217
"14000US42101001900","14000US42101002200",65828,6.70802684696733
"14000US42101001900","14000US42101002400",71269,10.4512206304533
"14000US42101002000","14000US42101002100",29742,18.4512679684557
"14000US42101002000","14000US42101003100",16645,13.3083020442219
"14000US42101002000","14000US42101003200",18914,21.6564337497343
"14000US42101002100","14000US42101002200",52659,7.48319914212157
"14000US42101002100","14000US42101003002",52450,11.2147327347147
"14000US42101002100","14000US42101003100",46387,5.14296592423377
"14000US42101002100","14000US42101003200",48656,3.20516578127862
"14000US42101002200","14000US42101002300",32292,10.6566632381718
"14000US42101002200","14000US42101002900",33454,7.00698314503487
"14000US42101002200","14000US42101003002",209,3.73153359259311
"14000US42101002200","14000US42101003100",6272,2.34023321788779
"14000US42101002300","14000US42101002802",2104,15.6600130626644
"14000US42101002300","14000US42101002900",1162,3.6496800931369
"14000US42101002300","14000US42101003002",32083,14.3881968307649
"14000US42101002400","14000US42101002701",22979,6.45007560830317
"14000US42101002400","14000US42101002802",39837,1.26015604100664
"14000US42101002400","14000US42101002900",38895,10.7501769285209
"14000US42101002500","14000US42101002801",24898,9.20957474285541
"14000US42101002500","14000US42101036600",46144,16.5217842211717
"14000US42101002701","14000US42101002702",8554,21.3793711376557
"14000US42101002701","14000US42101002801",32434,3.2239832345977
"14000US42101002802","14000US42101002900",942,12.0103329695275
"14000US42101002802","14000US42101004001",30054,1.32917194799007
"14000US42101002900","14000US42101003002",33245,10.738516737628
"14000US42101002900","14000US42101004001",29112,13.3395049175176
"14000US42101003001","14000US42101003002",13101,4.05233542047196
"14000US42101003001","14000US42101003901",5634,12.9279839150613
"14000US42101003100","14000US42101003200",2269,8.34813170551239
"14000US42101003300","14000US42101039100",53797,32.5021029495563
"14000US42101003600","14000US42101980904",,
"14000US42101003701","14000US42101003702",14706,11.530822957314
"14000US42101004001","14000US42101004002",14001,16.4278267160305
"14000US42101004001","14000US42101004103",28799,12.2212617803249
"14000US42101004002","14000US42101004101",29849,3.09247803130348
"14000US42101004101","14000US42101004103",12951,25.5566104650519
"14000US42101004101","14000US42101004201",27261,0.676036528925042
"14000US42101004101","14000US42101004202",11148,2.40769173357217
"14000US42101004103","14000US42101004104",7180,20.7321519143166
"14000US42101004103","14000US42101004201",40212,24.8805739361269
"14000US42101004103","14000US42101004202",24099,23.1489187314797
"14000US42101005400","14000US42101005500",14391,8.45818685298969
"14000US42101005500","14000US42101006000",28894,4.70475991167375
"14000US42101005500","14000US42101006400",33467,3.12985911802296
"14000US42101005600","14000US42101980901",,
"14000US42101006000","14000US42101006100",9554,6.27704831932773
"14000US42101006000","14000US42101006300",15228,26.6129790670915
"14000US42101006100","14000US42101006700",17062,12.3906051377351
"14000US42101006200","14000US42101006300",19146,36.5493044821331
"14000US42101006200","14000US42101006600",23063,30.9865772465434
"14000US42101006300","14000US42101006400",10655,28.1878798607423
"14000US42101006300","14000US42101006600",3917,5.56272723558968
"14000US42101006300","14000US42101006700",7720,20.4994222486842
"14000US42101006400","14000US42101006500",3039,1.81595864064193
"14000US42101006500","14000US42101007000",3450,2.04897264274245
"14000US42101006500","14000US42101007101",1531,1.09374940779439
"14000US42101006500","14000US42101008200",7417,12.3800755675446
"14000US42101006600","14000US42101006700",11637,14.9366950130945
"14000US42101006600","14000US42101007000",14161,22.3921386230521
"14000US42101006600","14000US42101007101",16080,23.3473618580002
"14000US42101006600","14000US42101039100",7781,7.85516837561447
"14000US42101006700","14000US42101007000",2524,7.45544360995759
"14000US42101006700","14000US42101039100",3856,22.791863388709
"14000US42101007101","14000US42101007102",5089,1.74907648353825
"14000US42101007101","14000US42101007300",22635,8.84334724022339
"14000US42101007101","14000US42101007400",13725,17.090599856205
"14000US42101007102","14000US42101007200",6425,5.36406481914642
"14000US42101007200","14000US42101007300",21299,15.9564885429081
"14000US42101007200","14000US42101008000",20396,15.3628450208939
"14000US42101007200","14000US42101008200",7222,4.17318485706552
"14000US42101007300","14000US42101007400",36360,25.9339470964284
"14000US42101007300","14000US42101007800",32,9.66261041627871
"14000US42101007300","14000US42101007900",15269,2.09655933028828
"14000US42101007400","14000US42101007700",20119,17.0182255013803
"14000US42101007400","14000US42101036901",,37.0033112582781
"14000US42101007700","14000US42101007900",31510,6.81916226475984
"14000US42101007700","14000US42101008802",22915,35.1271336944737
"14000US42101007700","14000US42101039100",14693,31.1301558787899
"14000US42101007800","14000US42101007900",15237,7.56605108599043
"14000US42101007800","14000US42101008000",935,9.06896689426454
"14000US42101007800","14000US42101008701",2211,4.40692032203969
"14000US42101007900","14000US42101008000",16172,1.50291580827411
"14000US42101007900","14000US42101008500",42980,12.4025083693847
"14000US42101007900","14000US42101008601",5713,0.95335528733496
"14000US42101008000","14000US42101008601",10459,2.45627109560907
"14000US42101008101","14000US42101008102",12516,15.1445402131761
"14000US42101008200","14000US42101008302",5635,1.98254271646246
"14000US42101008301","14000US42101980800",,
"14000US42101008500","14000US42101008601",37267,11.4491530820497
"14000US42101008601","14000US42101008602",36651,4.66587307654504
"14000US42101008602","14000US42101008701",24916,2.46009759992926
"14000US42101008701","14000US42101008702",10112,23.3666023339959
"14000US42101008702","14000US42101008802",26865,15.4205628612869
"14000US42101008802","14000US42101036902",10178,11.2121233898922
"14000US42101009000","14000US42101009100",2307,11.0809788622599
"14000US42101009000","14000US42101010800",2770,2.816217101078
"14000US42101009000","14000US42101980002",,
"14000US42101009100","14000US42101010800",463,8.26476176118192
"14000US42101009100","14000US42101010900",12706,8.4508587528105
"14000US42101009300","14000US42101010200",20228,17.0082435022069
"14000US42101009300","14000US42101010400",12064,22.9023997494418
"14000US42101009400","14000US42101009500",4788,16.6506200017838
"14000US42101009400","14000US42101010200",12973,19.4345262548096
"14000US42101009500","14000US42101009600",10598,4.35264037575017
"14000US42101009500","14000US42101010100",17437,24.4181880499187
"14000US42101009500","14000US42101010200",8185,2.78390625302576
"14000US42101009600","14000US42101010000",9435,2.23010482400346
"14000US42101009600","14000US42101010100",6839,20.0655476741685
"14000US42101010100","14000US42101011200",23506,31.9522401278504
"14000US42101010100","14000US42101011300",1137,22.9519005398181
"14000US42101010200","14000US42101010300",13004,6.6115327916951
"14000US42101010200","14000US42101011100",26175,13.1706754746877
"14000US42101010300","14000US42101010400",4840,12.50568903893
"14000US42101010300","14000US42101011200",10888,11.361678616601
"14000US42101010400","14000US42101010500",7509,10.4722456152115
"14000US42101010500","14000US42101010600",19659,11.3693469277411
"14000US42101010500","14000US42101011100",10502,8.59258610671103
"14000US42101010600","14000US42101010700",31291,28.1374419532314
"14000US42101010800","14000US42101010900",12243,0.186096991628581
"14000US42101010900","14000US42101980003",,
"14000US42101011100","14000US42101011200",24059,17.9208212995936
"14000US42101011100","14000US42101011300",1690,8.9204817115613
"14000US42101011200","14000US42101011300",22369,9.00033958803229
"14000US42101011200","14000US42101011400",21324,30.2142357982668
"14000US42101011300","14000US42101011800",2273,10.8464755650361
"14000US42101011400","14000US42101011700",61987,5.99873377651155
"14000US42101011400","14000US42101011800",3318,10.3674206451984
"14000US42101011700","14000US42101011800",58669,4.36868686868687
"14000US42101011700","14000US42101012000",47822,11.2945492662474
"14000US42101011800","14000US42101011900",17263,12.456714947492
"14000US42101011800","14000US42101037500",31701,11.5291806958474
"14000US42101012100","14000US42101012204",15304,10.6663669332311
"14000US42101012201","14000US42101980002",,
"14000US42101012203","14000US42101012204",30694,0.9530763137546
"14000US42101012501","14000US42101013300",5998,1.59616413519183
"14000US42101012502","14000US42101013401",50436,9.51224228480115
"14000US42101012502","14000US42101980002",,
"14000US42101012502","14000US42101980003",,
"14000US42101013100","14000US42101014201",101764,35.5752474535408
"14000US42101013100","14000US42101036700",116943,26.0657556903086
"14000US42101013200","14000US42101014000",10996,6.57245508010982
"14000US42101013200","14000US42101014100",,5.681814123319
"14000US42101013300","14000US42101013500",56644,8.90181166994243
"14000US42101013300","14000US42101014000",45656,17.8806772459551
"14000US42101013300","14000US42101014100",,16.9900362891643
"14000US42101013401","14000US42101013601",30417,2.86071243465296
"14000US42101013401","14000US42101980001",,
"14000US42101013601","14000US42101013602",7822,5.10860640473128
"14000US42101013602","14000US42101013701",24004,10.4613171017456
"14000US42101013900","14000US42101014700",18490,39.3970385714952
"14000US42101014000","14000US42101014100",,0.890640956790818
"14000US42101014000","14000US42101014600",11264,17.8357249524621
"14000US42101014100","14000US42101014500",,6.27356840613322
"14000US42101014100","14000US42101036700",,20.4164882483985
"14000US42101014201","14000US42101014202",10265,2.39080025868072
"14000US42101014201","14000US42101014400",14192,9.44970613189066
"14000US42101014201","14000US42101036700",15179,9.50949176323227
"14000US42101014202","14000US42101014300",8142,1.6725523838344
"14000US42101014202","14000US42101014400",3927,7.05890587320994
"14000US42101014202","14000US42101015800",2122,1.05631079844334
"14000US42101014202","14000US42101036600",12747,1.14480476924839
"14000US42101014202","14000US42101036700",25444,7.11869150455156
"14000US42101014300","14000US42101014400",12069,5.38635348937554
"14000US42101014300","14000US42101015800",6020,0.616241585391067
"14000US42101014400","14000US42101015800",6049,6.0025950747666
"14000US42101014500","14000US42101037700",8684,19.3239399929563
"14000US42101014600","14000US42101014700",12429,22.9344929328059
"14000US42101014600","14000US42101015300",3212,11.2631076946933
"14000US42101014600","14000US42101037700",16531,6.87114248983654
"14000US42101014700","14000US42101014800",17468,47.3030943874136
"14000US42101014700","14000US42101015200",35932,46.6894250274298
"14000US42101014700","14000US42101015300",9217,34.1976006274992
"14000US42101014700","14000US42101037700",4102,16.0633504429694
"14000US42101014800","14000US42101015300",8251,13.1054937599144
"14000US42101015102","14000US42101015200",38606,13.8681333094056
"14000US42101015102","14000US42101016901",15815,8.50137441430321
"14000US42101015200","14000US42101015300",26715,12.4918243999307
"14000US42101015200","14000US42101016701",28650,2.88230829631476
"14000US42101015200","14000US42101016800",22595,1.19019009798478
"14000US42101015200","14000US42101016901",22791,5.36675889510239
"14000US42101015300","14000US42101016600",,12.1476695657631
"14000US42101015300","14000US42101016701",1935,9.60951610361589
"14000US42101015300","14000US42101016702",1308,13.4266377696408
"14000US42101015300","14000US42101016800",4120,11.3016343019459
"14000US42101015700","14000US42101016002",8467,4.09681484560864
"14000US42101015700","14000US42101016100",7651,1.15427051198458
"14000US42101015800","14000US42101016001",12207,0.970215161500243
"14000US42101015800","14000US42101016002",30699,10.3617413391679
"14000US42101015800","14000US42101016100",29883,5.11065598157469
"14000US42101015800","14000US42101037800",51593,5.92611259971157
"14000US42101016001","14000US42101016002",18492,11.3319565006682
"14000US42101016001","14000US42101017900",55001,21.233087492982
"14000US42101016001","14000US42101018001",48061,5.28992557241776
"14000US42101016001","14000US42101037800",39386,6.89632776121181
"14000US42101016002","14000US42101016100",816,5.25108535759322
"14000US42101016100","14000US42101016300",55988,10.908864842724
"14000US42101016100","14000US42101017702",71322,40.4184713641879
"14000US42101016200","14000US42101016300",11218,1.0046251444003
"14000US42101016200","14000US42101016400",16648,13.9124533912713
"14000US42101016200","14000US42101016500",33097,25.2664354932088
"14000US42101016300","14000US42101017702",15334,29.5096065214638
"14000US42101016300","14000US42101017800",,18.9374835608236
"14000US42101016400","14000US42101016500",16449,11.3539821019375
"14000US42101016400","14000US42101017400",10045,7.6071551154499
"14000US42101016500","14000US42101017500",13386,1.15510177181156
"14000US42101016500","14000US42101037700",4084,9.7857958916884
"14000US42101016600","14000US42101016702",,25.5743073354039
"14000US42101016600","14000US42101017300",,10.1516202879381
"14000US42101016600","14000US42101037700",,5.98658061876671
"14000US42101016702","14000US42101017400",9691,18.0282650759947
"14000US42101016702","14000US42101037700",12011,31.5608879541707
"14000US42101016800","14000US42101016901",196,4.17656879711761
"14000US42101016901","14000US42101017202",15945,12.1219318137649
"14000US42101016902","14000US42101017100",1059,12.0045112486609
"14000US42101017000","14000US42101020200",1631,2.20391575363155
"14000US42101017000","14000US42101020500",,6.49870001581624
"14000US42101017000","14000US42101980002",,
"14000US42101017100","14000US42101017300",5973,3.54028930846538
"14000US42101017100","14000US42101020200",12527,4.68941759665137
"14000US42101017100","14000US42101020500",,13.3920333660992
"14000US42101017201","14000US42101020200",,2.71262958990859
"14000US42101017300","14000US42101020101",182,11.0638414217362
"14000US42101017300","14000US42101020200",6554,8.22970690511674
"14000US42101017400","14000US42101019900",9529,5.98880957625175
"14000US42101017400","14000US42101020000",2335,16.4792457401276
"14000US42101017500","14000US42101019502",9598,0.271831884972627
"14000US42101017500","14000US42101020000",9317,19.0709709548036
"14000US42101017500","14000US42101038301",2121,10.6450636460673
"14000US42101017601","14000US42101017602",10482,6.18464922892654
"14000US42101017601","14000US42101017702",2158,0.974531917626948
"14000US42101017602","14000US42101017702",8324,7.15918114655349
"14000US42101017602","14000US42101019501",6150,3.0969292841439
"14000US42101017701","14000US42101017702",,0.859451144454894
"14000US42101017800","14000US42101017900",,14.6941320536406
"14000US42101017800","14000US42101018801",,10.710557569878
"14000US42101017900","14000US42101037800",15615,14.3367597317701
"14000US42101018001","14000US42101018002",5374,3.18894483570295
"14000US42101018300","14000US42101038200",49100,3.06852137510464
"14000US42101018801","14000US42101019200",,19.2763067755781
"14000US42101018802","14000US42101019100",,21.0332021887626
"14000US42101018802","14000US42101019200",,18.2962915712051
"14000US42101019000","14000US42101029200",38332,18.8240921314463
"14000US42101019000","14000US42101038200",5437,18.068185649069
"14000US42101019100","14000US42101019200",25775,2.73691061755752
"14000US42101019100","14000US42101029300",13665,14.2834775167563
"14000US42101019100","14000US42101038200",3711,18.2246838083583
"14000US42101019200","14000US42101038200",22064,20.9615944259158
"14000US42101019200","14000US42101989300",,
"14000US42101019501","14000US42101019502",14265,5.59063089005846
"14000US42101019502","14000US42101019900",7051,8.30870290595517
"14000US42101019700","14000US42101019800",4158,16.9741090762021
"14000US42101019700","14000US42101038301",6892,10.932737836776
"14000US42101019700","14000US42101980500",,
"14000US42101019800","14000US42101019900",2308,8.10590009456556
"14000US42101019800","14000US42101980500",,
"14000US42101019900","14000US42101020300",14220,18.1422416847926
"14000US42101020000","14000US42101020101",6246,2.80982628986259
"14000US42101020000","14000US42101020102",14957,19.3982942834098
"14000US42101020000","14000US42101020300",26084,7.65180552091674
"14000US42101020101","14000US42101020102",8711,16.5884679935473
"14000US42101020102","14000US42101020300",11127,27.0500998043266
"14000US42101020102","14000US42101020400",11903,7.68984376950441
"14000US42101020300","14000US42101020500",,4.59315055795096
"14000US42101020400","14000US42101028000",12957,8.4232745276509
"14000US42101020400","14000US42101980500",,
"14000US42101020500","14000US42101024500",,11.3700919888366
"14000US42101020500","14000US42101028000",,6.34383094922031
"14000US42101020600","14000US42101020702",55980,3.66846889433825
"14000US42101020600","14000US42101024300",16829,3.07259787138099
"14000US42101020701","14000US42101980002",,
"14000US42101020702","14000US42101980002",,
"14000US42101020900","14000US42101021000",8685,5.01306624039803
"14000US42101020900","14000US42101980100",11554,7.93115086061424
"14000US42101021000","14000US42101021200",32760,7.05375895426753
"14000US42101021100","14000US42101021300",8027,0.988819164078096
"14000US42101021200","14000US42101021300",21357,2.67232551437477
"14000US42101021200","14000US42101021500",690,4.14552614777118
"14000US42101021200","14000US42101021700",35025,7.02520450385766
"14000US42101021300","14000US42101021400",3223,1.47594892722596
"14000US42101021300","14000US42101021500",22047,6.81785166214595
"14000US42101021300","14000US42101021700",13668,4.35287898948289
"14000US42101021400","14000US42101021500",25270,5.34190273491999
"14000US42101021600","14000US42101021800",42793,3.24251211114534
"14000US42101021600","14000US42101021900",32787,1.7511750221935
"14000US42101021700","14000US42101021800",17047,3.73652799633634
"14000US42101021700","14000US42101021900",7041,8.73021512967517
"14000US42101021800","14000US42101022000",21923,6.54953285111055
"14000US42101021900","14000US42101038400",32357,1.7168113412429
"14000US42101022000","14000US42101038400",20440,0.160965623471184
"14000US42101023100","14000US42101025600",107299,1.57015476598467
"14000US42101023100","14000US42101038700",94935,2.91867272282512
"14000US42101023600","14000US42101023900",55023,3.31883111019033
"14000US42101023600","14000US42101038800",5099,4.47487016246189
"14000US42101023700","14000US42101023800",10148,8.567095975751
"14000US42101023700","14000US42101025200",54977,18.4049306411978
"14000US42101023700","14000US42101038800",38836,6.90898802152676
"14000US42101023800","14000US42101023900",11138,7.68238272462553
"14000US42101023800","14000US42101024000",9924,6.19130379951368
"14000US42101023800","14000US42101024100",,2.25920876276748
"14000US42101023900","14000US42101024000",1214,13.8736865241392
"14000US42101023900","14000US42101024100",,9.94159148739301
"14000US42101024000","14000US42101024100",,3.9320950367462
"14000US42101024000","14000US42101024200",6420,3.44154352889907
"14000US42101024000","14000US42101024300",2523,13.0659539988939
"14000US42101024100","14000US42101024200",,7.37363856564527
"14000US42101024200","14000US42101024600",855,5.69298946171691
"14000US42101024400","14000US42101028000",27278,14.6135432816208
"14000US42101024500","14000US42101028000",822,5.02626103961626
"14000US42101024600","14000US42101025200",29340,5.89797679875099
"14000US42101024700","14000US42101024900",20022,14.2891139600396
"14000US42101024700","14000US42101027901",23281,8.83469534977888
"14000US42101024800","14000US42101024900",16511,3.87398193305366
"14000US42101024800","14000US42101038900",27141,32.3293894599737
"14000US42101024900","14000US42101026500",14274,13.7629622428558
"14000US42101025300","14000US42101025500",28846,0.174250264224062
"14000US42101025300","14000US42101038900",8331,3.14440886421514
"14000US42101025400","14000US42101025500",12870,2.52069084050204
"14000US42101025400","14000US42101026200",1994,1.12960503209376
"14000US42101025400","14000US42101026400",10966,0.447352090761122
"14000US42101025400","14000US42101038900",7645,0.44946775948903
"14000US42101025500","14000US42101025600",24107,2.08927391738122
"14000US42101025500","14000US42101025800",36346,2.63402042915932
"14000US42101025600","14000US42101025700",54312,3.16613028942644
"14000US42101025600","14000US42101025800",60453,0.544746511778096
"14000US42101025600","14000US42101026100",61607,0.559015980873285
"14000US42101025700","14000US42101038500",63110,3.17575081209271
"14000US42101025700","14000US42101038800",54406,4.63533636152769
"14000US42101025800","14000US42101025900",8713,8.76357984424956
"14000US42101025900","14000US42101026000",16651,0.846002389576494
"14000US42101026000","14000US42101026200",13544,5.58447599625845
"14000US42101026100","14000US42101026301",16740,0.160981337288345
"14000US42101026200","14000US42101026301",5896,3.08232508220456
"14000US42101026200","14000US42101026400",8972,1.57695712285488
"14000US42101026200","14000US42101038900",5651,1.57907279158279
"14000US42101026302","14000US42101026400",30768,1.79704712257894
"14000US42101026302","14000US42101026600",37105,0.39714621163183
"14000US42101026400","14000US42101026500",26057,14.6945609527921
"14000US42101026500","14000US42101026600",19720,12.5003676185813
"14000US42101026500","14000US42101026700",9256,7.27318736904161
"14000US42101026600","14000US42101026700",10464,5.22718024953972
"14000US42101026600","14000US42101026800",22948,7.05218508761156
"14000US42101026800","14000US42101027000",55109,12.9031696932426
"14000US42101026800","14000US42101027600",12020,0.556801402786011
"14000US42101026800","14000US42101027800",5413,1.06929141255767
"14000US42101026900","14000US42101027000",27613,4.29179394848089
"14000US42101027000","14000US42101027401",49410,20.7803243840522
"14000US42101027100","14000US42101027500",4578,2.27075062446759
"14000US42101027300","14000US42101029000",806,1.21089858975535
"14000US42101027300","14000US42101029100",15428,25.6343154973765
"14000US42101027401","14000US42101028500",,16.825408225832
"14000US42101027500","14000US42101028200",,26.5547128205573
"14000US42101027500","14000US42101028500",,29.9888859268969
"14000US42101027500","14000US42101028600",1687,11.2903129732604
"14000US42101027600","14000US42101027700",32284,29.8776360247141
"14000US42101027600","14000US42101027800",6607,0.51249000977166
"14000US42101027800","14000US42101028100",13893,4.29848997432554
"14000US42101027901","14000US42101027902",23126,13.462452707309
"14000US42101027902","14000US42101028000",16103,11.9856868419378
"14000US42101028000","14000US42101028300",11747,10.414841957939
"14000US42101028100","14000US42101028300",14841,19.4656036943648
"14000US42101028200","14000US42101028400",,4.36059543001908
"14000US42101028300","14000US42101028400",15056,2.9341829841884
"14000US42101028400","14000US42101028500",,0.926422323679517
"14000US42101028600","14000US42101029000",13202,8.20959041760132
"14000US42101028700","14000US42101028800",26439,31.0425499610023
"14000US42101028700","14000US42101038301",3079,8.50514089031453
"14000US42101028700","14000US42101989300",,
"14000US42101028800","14000US42101028901",9736,13.6094686184858
"14000US42101028800","14000US42101038301",29518,22.5374090706878
"14000US42101028901","14000US42101028902",12721,10.3534572358842
"14000US42101028901","14000US42101989300",,
"14000US42101028902","14000US42101029100",7370,3.37160804866727
"14000US42101029000","14000US42101029200",27881,6.19036969762827
"14000US42101029100","14000US42101030501",15773,16.0029142799457
"14000US42101029100","14000US42101039001",26385,5.30350528144719
"14000US42101029100","14000US42101039002",33205,26.2796435991363
"14000US42101029200","14000US42101030200",29286,15.3366840395353
"14000US42101029300","14000US42101029400",1686,10.674799284661
"14000US42101029300","14000US42101030100",4164,0.930981877482317
"14000US42101029800","14000US42101029900",12280,8.92029701573102
"14000US42101029800","14000US42101030000",13917,9.40850439633663
"14000US42101029800","14000US42101031900",2589,6.63320552761971
"14000US42101029800","14000US42101032100",3875,13.4566514655538
"14000US42101029800","14000US42101038000",909,19.1025660594842
"14000US42101029900","14000US42101030000",1637,18.3288014120676
"14000US42101029900","14000US42101038100",3226,26.0147926656578
"14000US42101030000","14000US42101030100",4021,14.7607610787457
"14000US42101030000","14000US42101030200",13706,2.23564081172867
"14000US42101030000","14000US42101031700",5269,0.00197880199724665
"14000US42101030000","14000US42101031900",16506,2.77529886871692
"14000US42101030100","14000US42101030200",17727,16.9964018904744
"14000US42101030200","14000US42101031700",8437,2.23366200973143
"14000US42101030200","14000US42101031800",16839,17.9661792274321
"14000US42101030200","14000US42101031900",2800,5.01093968044559
"14000US42101030200","14000US42101039001",11556,20.5806078471613
"14000US42101030501","14000US42101030502",1565,3.24442833224623
"14000US42101030501","14000US42101030600",7404,11.3900865131777
"14000US42101030600","14000US42101030800",6161,2.3145573934644
"14000US42101030700","14000US42101030800",67,0.164537701964569
"14000US42101030800","14000US42101030900",7411,0.768720580101091
"14000US42101030900","14000US42101031102",14237,2.77080034298438
"14000US42101031000","14000US42101031101",27338,3.72591562279635
"14000US42101031101","14000US42101031102",21141,11.4765346019403
"14000US42101031102","14000US42101031800",4496,4.62531747040173
"14000US42101031200","14000US42101031300",6674,5.41683414274274
"14000US42101031200","14000US42101039001",589,26.7682876886534
"14000US42101031300","14000US42101031401",13719,14.8280155160944
"14000US42101031300","14000US42101031402",6096,9.64526203673769
"14000US42101031300","14000US42101031502",18134,2.26385991242482
"14000US42101031401","14000US42101031402",7623,5.18275347935669
"14000US42101031402","14000US42101031502",12038,11.9091219491625
"14000US42101031402","14000US42101031600",1390,2.16791187706007
"14000US42101031402","14000US42101033200",6507,13.8883708029663
"14000US42101031402","14000US42101033400",9675,2.19805453889955
"14000US42101031501","14000US42101031502",23190,7.16545849006105
"14000US42101031501","14000US42101031600",9762,2.57575158204139
"14000US42101031501","14000US42101032000",17994,13.1936451611365
"14000US42101031501","14000US42101033000",19325,10.1599786619377
"14000US42101031501","14000US42101033101",11742,13.9053713386141
"14000US42101031502","14000US42101031600",13428,9.74121007210244
"14000US42101031502","14000US42101033400",2363,14.1071764880621
"14000US42101031600","14000US42101031700",22550,6.36082583428864
"14000US42101031600","14000US42101031900",11313,9.13810350500281
"14000US42101031600","14000US42101032000",8232,10.6178935790951
"14000US42101031600","14000US42101032500",7877,5.23514568001709
"14000US42101031700","14000US42101031800",25276,20.1998412371635
"14000US42101031700","14000US42101031900",11237,2.77727767071417
"14000US42101031700","14000US42101032000",14318,4.25706774480644
"14000US42101031900","14000US42101032000",3081,1.47979007409227
"14000US42101031900","14000US42101032100",1286,6.82344593793408
"14000US42101031900","14000US42101032300",1796,1.61367195265501
"14000US42101032000","14000US42101032100",1795,8.30323601202636
"14000US42101032100","14000US42101032300",3082,8.43711789058909
"14000US42101032300","14000US42101032500",5232,15.9869211376749
"14000US42101032500","14000US42101032600",28871,5.10955834203811
"14000US42101032600","14000US42101033000",30557,17.9289311019515
"14000US42101032600","14000US42101033101",22974,21.674323778628
"14000US42101032900","14000US42101033000",5199,11.9351151624021
"14000US42101032900","14000US42101033102",7314,7.400171100829
"14000US42101032900","14000US42101034900",3507,7.34527443949086
"14000US42101033101","14000US42101033102",9698,8.28033673824948
"14000US42101033101","14000US42101033200",5917,4.72666292345358
"14000US42101033102","14000US42101033200",3781,13.0069996617031
"14000US42101033200","14000US42101033400",3168,11.6903162640667
"14000US42101033400","14000US42101033701",2573,6.01788413122575
"14000US42101033500","14000US42101033600",12779,3.11215817179685
"14000US42101033600","14000US42101033701",6831,2.34722238474583
"14000US42101033702","14000US42101033800",4486,0.643638364874748
"14000US42101033702","14000US42101034000",25908,5.84013110095396
"14000US42101033800","14000US42101034000",30394,6.48376946582871
"14000US42101033900","14000US42101034000",34420,3.27864988402377
"14000US42101033900","14000US42101034100",11574,1.68675003207668
"14000US42101034000","14000US42101034100",22846,4.96539991610045
"14000US42101034200","14000US42101034400",60992,6.39080393710473
"14000US42101034400","14000US42101034502",68877,0.856390681235518
"14000US42101034400","14000US42101035500",70550,7.42802625646639
"14000US42101034400","14000US42101035601",72188,0.331275902876459
"14000US42101034501","14000US42101034600",20154,15.33377139818
"14000US42101034501","14000US42101034701",38056,10.3001765131724
"14000US42101034502","14000US42101034600",5389,2.7896004758359
"14000US42101034502","14000US42101034701",23291,2.24399440917165
"14000US42101034502","14000US42101035500",1673,6.57163557523087
"14000US42101034502","14000US42101035601",3311,1.18766658411198
"14000US42101034502","14000US42101980300",,
"14000US42101034600","14000US42101034701",17902,5.03359488500755
"14000US42101034600","14000US42101034702",21448,8.38615651587012
"14000US42101034600","14000US42101035500",7062,9.36123605106676
"14000US42101034801","14000US42101034803",28164,16.4515293567065
"14000US42101034801","14000US42101034900",11538,2.30689736780644
"14000US42101034801","14000US42101035200",10605,19.4982416972888
"14000US42101034802","14000US42101035302",4650,5.01222918235366
"14000US42101034802","14000US42101980300",,
"14000US42101034803","14000US42101034900",39702,14.1446319889
"14000US42101034803","14000US42101035302",18408,0.446799634351272
"14000US42101034803","14000US42101980300",,
"14000US42101034900","14000US42101035100",18371,16.7911778008354
"14000US42101034900","14000US42101035200",22143,17.1913443294824
"14000US42101035100","14000US42101989100",,60.9263015551048
"14000US42101035200","14000US42101036203",1369,0.620163040593583
"14000US42101035200","14000US42101989100",,61.3264680837518
"14000US42101035301","14000US42101036202",13910,0.489441789741739
"14000US42101035500","14000US42101035601",1638,7.75930215934284
"14000US42101035500","14000US42101035900",17534,2.47439595628126
"14000US42101035500","14000US42101036000",10584,4.14690401320302
"14000US42101035500","14000US42101980300",,
"14000US42101035601","14000US42101035602",55942,1.98288111093974
"14000US42101035601","14000US42101036000",8946,11.9062061725459
"14000US42101035602","14000US42101035702",56815,11.056911132088
"14000US42101035701","14000US42101035702",13777,1.16091040457249
"14000US42101035701","14000US42101035800",1771,2.99875308154265
"14000US42101035702","14000US42101035800",12006,4.15966348611514
"14000US42101035800","14000US42101035900",27029,0.370539668028455
"14000US42101035900","14000US42101036000",6950,6.62129996948429
"14000US42101035900","14000US42101036400",39731,7.42353736626496
"14000US42101035900","14000US42101036502",46260,1.3874401767088
"14000US42101036000","14000US42101036100",35713,14.4767823406582
"14000US42101036000","14000US42101036400",32781,0.802237396780679
"14000US42101036000","14000US42101036502",39310,5.23385979277549
"14000US42101036100","14000US42101036201",2885,9.15906587354043
"14000US42101036100","14000US42101036202",13531,0.901090639450458
"14000US42101036202","14000US42101036203",20807,3.14463841270322
"14000US42101036202","14000US42101980300",,
"14000US42101036400","14000US42101036502",6529,6.03609718955617
"14000US42101036600","14000US42101036700",12697,8.26349627379994
"14000US42101036600","14000US42101980702",,
"14000US42101036700","14000US42101037600",41634,2.62693394498258
"14000US42101036901","14000US42101036902",,43.9000960614793
"14000US42101036901","14000US42101039100",,51.1152416356877
"14000US42101036902","14000US42101980003",,
"14000US42101037300","14000US42101980701",,
"14000US42101037300","14000US42101980905",,
"14000US42101037300","14000US42101980906",,
"14000US42101037800","14000US42101037900",13518,1.24332670197206
"14000US42101037900","14000US42101038000",38528,5.38257815756176
"14000US42101037900","14000US42101038200",43257,1.73977854817729
"14000US42101038100","14000US42101989100",,48.4526967285588
"14000US42101039001","14000US42101039002",6820,31.5831488805835
"14000US42101039100","14000US42101980902",,
"14000US42101039100","14000US42101980904",,
"14000US42101980001","14000US42101980003",,
"14000US42101980701","14000US42101989200",,
"14000US42101980901","14000US42101980904",,
"14000US42101980901","14000US42101989200",,
"14000US42101980902","14000US42101980903",,
"14000US42101980904","14000US42101980906",,
"14000US42101980905","14000US42101989200",,
